"userid","user_display_name","user_screen_name","user_reported_location","user_profile_description","user_profile_url","follower_count","following_count","account_creation_date","account_language"
"vMm2zemFOF7kmXoDyX24Bo+TorqhNutpZlATYyxsE=","vMm2zemFOF7kmXoDyX24Bo+TorqhNutpZlATYyxsE=","vMm2zemFOF7kmXoDyX24Bo+TorqhNutpZlATYyxsE=","","","","1","52","2017-08-30","zh-cn"
"919755217121316864","ailaiyi5","wuming11xia","","","","0","0","2017-10-16","zh-cn"
"747292706536226816","ÁâõÂ∞èÁâõ","gurevadona88","","","","23949","52","2016-06-27","zh-cn"
"q2SMGvHasu+nugbpNMDCjr2qlZp3FCiGYDLht+gW5pw=","q2SMGvHasu+nugbpNMDCjr2qlZp3FCiGYDLht+gW5pw=","q2SMGvHasu+nugbpNMDCjr2qlZp3FCiGYDLht+gW5pw=","","","","17","34","2016-08-08","es"
"907348345563303940","lishuishi","lishuishi","","","","0","0","2017-09-11","zh-tw"
"4057984825","ÂâçÂ∞òÂæÄ‰∫ã","baillopud5","California, USA","cool","","17116","76","2015-10-29","zh-tw"
"902780955181678592","George","sV8jxdXfJwDNZns","","","","0","39","2017-08-30","zh-cn"
"rCtCvxxhYCygXEZQ+9DRMFgbdIhI+4DXnRvKrSW28=","rCtCvxxhYCygXEZQ+9DRMFgbdIhI+4DXnRvKrSW28=","rCtCvxxhYCygXEZQ+9DRMFgbdIhI+4DXnRvKrSW28=","","","","1","46","2017-08-18","ru"
"VKUbpwK26KYkbgT9BrofCzqDaS3YuGRD+mrwuYqTM=","VKUbpwK26KYkbgT9BrofCzqDaS3YuGRD+mrwuYqTM=","VKUbpwK26KYkbgT9BrofCzqDaS3YuGRD+mrwuYqTM=","","","","2","127","2018-07-13","en"
"EctgnoVCQq9JSnbI3BfSpllbTDT2KabrHxYdDwZetoE=","EctgnoVCQq9JSnbI3BfSpllbTDT2KabrHxYdDwZetoE=","EctgnoVCQq9JSnbI3BfSpllbTDT2KabrHxYdDwZetoE=","","","","12","64","2017-08-30","zh-cn"
"1124390982299136000","Delicia Venus","DeliciaVenus","","","","0","0","2019-05-03","en"
"898577922260430848","ÂÅåËôπ","RG4ax0bBuN19XZb","","","","0","34","2017-08-18","ru"
"884689848401047552","worldnewsnow","xinwenshijie","","","","23091","26","2017-07-11","zh-cn"
"QjfysoCl3BYjq1YTp1kX4IHZYQdidXbGyq8GY4A3TwY=","QjfysoCl3BYjq1YTp1kX4IHZYQdidXbGyq8GY4A3TwY=","QjfysoCl3BYjq1YTp1kX4IHZYQdidXbGyq8GY4A3TwY=","","","","1","8","2013-03-24","en"
"1081231923312295936","Â§úÂπï‰πãÂÖâ","Richard17700647","","","","0","0","2019-01-04","en"
"6MBKJju7I8Oj2Wrz9o2jKp0X1WvY6KtbGdVThJTJWk8=","6MBKJju7I8Oj2Wrz9o2jKp0X1WvY6KtbGdVThJTJWk8=","6MBKJju7I8Oj2Wrz9o2jKp0X1WvY6KtbGdVThJTJWk8=","","Êú¨Êé®ÁâπÂè™ÊòØËøΩËπ§ÈÉ≠ÊñáË≤¥ÁöÑÊñ∞ËÅûÂíåÂãïÊÖãÔºå Ë¨ùË¨ùÈóúÊ≥®„ÄÇ","","47","203","2013-03-29","zh-cn"
"1532024256","Christinz ü§¶‚Äç‚ôÄÔ∏è ‚Äè","follfuncobers","UK","It is unacceptable that Toby got a backstory before Beth. Beth backstory better be flames. I‚Äôm not playing with you #ThisIsUs","","29208","200","2013-06-19","zh-cn"
"929960934877159424","ÈòøÁã∏Á≤ëÁ≤ë","VeraSudzhenko","","","","0","18","2017-11-13","zh-cn"
"2HPG0CXHDfOb5A4FnaCUsI12HUruHzlrt5Bye5WcdI=","2HPG0CXHDfOb5A4FnaCUsI12HUruHzlrt5Bye5WcdI=","2HPG0CXHDfOb5A4FnaCUsI12HUruHzlrt5Bye5WcdI=","Santa Monica, CA","h4s4g30g","","10","39","2019-01-25","zh-tw"
"1064610348","ÊóÅËßÇÁöÑÊ∏äÊòé","sabohc","","","","21148","26","2013-01-06","zh-cn"
"747319777203363840","Ê∏ÖÈ£é","osipodincov3","","","","12607","39","2016-06-27","zh-cn"
"2968192342","AngelaFisher40","AngelaFisher40","Manhattan, NY","AngelaFisher40","","17816","21138","2015-01-08","en"
"898930436373708802","Evgenianaumoval","Evgenianaumoval","","","","0","20","2017-08-19","zh-cn"
"2527996152","Ljsh Hgs","hGvsgsa","Berrien Springs, MI","Ellina Seleznv","","12919","184","2014-05-27","en-gb"
"301501680","do2cvmxv","do2cvmxv","United States","Â±ûÈ©¨‰∫∫ÂñÑ‰∫é‰∫§ÈôÖÂèàÂØåÊúâÂ§ßÊô∫ÊÖßÔºå‰ªñ‰ª¨ÊÄùÁª¥ÊØîËæÉÊ¥ªË∑ÉÔºåËÉΩÂ§üÊ≤øÁùÄÁêÜÊÉ≥‰πãË∑Ø‰∏çÊñ≠Â•ãËøõ„ÄÇÂ±ûÈ©¨‰∫∫Êó©ÂâçÁ¶èÂæ∑ÂÆ´ÊúâÁÖûÊòü‰ΩúÁäØÔºåÊâÄ‰ª•ÂØºËá¥ÈÉ®ÂàÜ‰∫∫ÁöÑËøêÂäøÊèêÂçáÂèóÈòª„ÄÇÁÜ¨Ëøá8ÊúàÔºåÁîüËÇñÈ©¨ËøêÂäøÁ∫¢ÂæóÂèëÁ¥´Ôºå‰∏ÄÂ∏ÜÈ£éÈ°∫‰∫ã‰∏öÊó∫ÔºåÊé•‰∫åËøû‰∏âÂñú‰∫ãÊù•ÔºÅ","","13986","14670","2011-05-19","zh-cn"
"JvumYq2ApxkjeGY7caKWXJ9XIUlwxFcsCEUIkpBn8Bg=","JvumYq2ApxkjeGY7caKWXJ9XIUlwxFcsCEUIkpBn8Bg=","JvumYq2ApxkjeGY7caKWXJ9XIUlwxFcsCEUIkpBn8Bg=","Delaware, USA","what an doing is study ,now i try to learn in computer","","3","10","2017-11-05","zh-cn"
"26795603","ÈïøË°óÊöóÊ∏°","camirtme","","camirtme","","13105","13540","2009-03-26","zh-cn"
"+tDWZynsin9nF3PNWStld8JMl7zNLFQP9hnKsFkpngk=","+tDWZynsin9nF3PNWStld8JMl7zNLFQP9hnKsFkpngk=","+tDWZynsin9nF3PNWStld8JMl7zNLFQP9hnKsFkpngk=","","","","21","70","2017-09-27","zh-cn"
"1298537538","Adriane Terwilliger","TerwilligernaeA","","","","0","0","2013-03-25","en"
"PgyTbaP5VxfSvhFfuUZbxtfNs06PFBGfJu18zPZp28=","PgyTbaP5VxfSvhFfuUZbxtfNs06PFBGfJu18zPZp28=","PgyTbaP5VxfSvhFfuUZbxtfNs06PFBGfJu18zPZp28=","","","","18","17","2017-06-03","zh-cn"
"902851241759436800","youerarou","3xrVKytdmflyeox","","","","58880","130","2017-08-30","zh-cn"
"1124196641060397056","Rossana Lewisswaffield","RossanaLewissw1","","","","0","0","2019-05-03","en"
"898510662346919938","titina","RBKIH1TnCqbyUVT","","","","0","43","2017-08-18","ru"
"898518806565355520","ÂîßÂîßÊ≠™Ê≠™","jaxfpUMBe8HHUiM","","","","0","42","2017-08-18","ru"
"FG5FLDsNFjr5IXtvisxgwCn5wScYCNF8jcmgCyOVJA=","FG5FLDsNFjr5IXtvisxgwCn5wScYCNF8jcmgCyOVJA=","FG5FLDsNFjr5IXtvisxgwCn5wScYCNF8jcmgCyOVJA=","","","","1","46","2017-08-18","zh-cn"
"979832936118870016","–í–∞–ª–µ–Ω—Ç–∏–Ω–∞ –ù–æ–≤–∏–∫–æ–≤–∞","DE1NPj5LSXrvtJu","","","","11786","44","2018-03-30","ru"
"745790133274804225","The man from toilet","dgromovge","","Exam,Exam How to do","","51608","131","2016-06-23","zh-cn"
"0Mv1uANgsjUtIr9lOR7O3usk6CCfDZ13UUWTzgDo=","0Mv1uANgsjUtIr9lOR7O3usk6CCfDZ13UUWTzgDo=","0Mv1uANgsjUtIr9lOR7O3usk6CCfDZ13UUWTzgDo=","","","","1","36","2017-08-30","zh-cn"
"2991885448","Ëä±ÈùûËä±üå∏","abimyk8qbor","Virginia, USA","adsense","","10985","6968","2015-01-22","zh-cn"
"902780366599094273","Martin","OoYmu466","","","","0","9","2017-08-30","zh-cn"
"akAOLhHc5U7T63PImUbYLQBCgpt9PFBade7mZpMJeE=","akAOLhHc5U7T63PImUbYLQBCgpt9PFBade7mZpMJeE=","akAOLhHc5U7T63PImUbYLQBCgpt9PFBade7mZpMJeE=","Brasil","","","2","14","2011-01-25","zh-cn"
"hTAnmohgZF9ZUSz9VcUlOQfz0TtbWR3E3SSnd5IzMr4=","hTAnmohgZF9ZUSz9VcUlOQfz0TtbWR3E3SSnd5IzMr4=","hTAnmohgZF9ZUSz9VcUlOQfz0TtbWR3E3SSnd5IzMr4=","","","","50","81","2017-08-19","zh-cn"
"910208672202182658","–õ–µ–Ω–∞ –ú—É—Ö–∞–º–µ—Ç–∑—è–Ω–æ–≤–∞","lenamukhametzi2","","","","0","0","2017-09-19","ru"
"928593319210442753","kingboss","08RI7yBfs3XkWjF","","","","0","5","2017-11-09","zh-cn"
"+tWjRtk2y+tQC4lPcwvbUCJLEDoQOXRGNyH2vs+pTj0=","+tWjRtk2y+tQC4lPcwvbUCJLEDoQOXRGNyH2vs+pTj0=","+tWjRtk2y+tQC4lPcwvbUCJLEDoQOXRGNyH2vs+pTj0=","","ÂúãÂÆ∂ Âêç‰∫∫Êñ∞ËÅû Êñ∞ËÅû ÁßëÂ≠∏ ÁîüÊ¥ªÊñπÂºè ÈõªÂΩ± Èü≥Ê®Ç Ë©ïË´ñ","","15","87","2016-08-09","zh-cn"
"BRu6Hx1IvaU02Hs69Dtt2k1LcW+UqN4L8spJ7iVVbok=","BRu6Hx1IvaU02Hs69Dtt2k1LcW+UqN4L8spJ7iVVbok=","BRu6Hx1IvaU02Hs69Dtt2k1LcW+UqN4L8spJ7iVVbok=","","","","2","4","2017-11-03","zh-cn"
"902819018276577280","ÁèÇÁèÇ","3TK8sUSVvf4mLkP","","","","0","26","2017-08-30","zh-cn"
"898579971421220864","ÂáØÂáØ","J0cbEiJedlt2vON","","","","0","37","2017-08-18","zh-cn"
"902799930334568452","Antonio","vac7UMBgK8ffwqD","","","","0","39","2017-08-30","zh-cn"
"114444282","ChristopherH195","ChristopherH195","Milwaukee, Wisconsin","","","45860","266","2010-02-15","zh-cn"
"924416938775805952","ÈòøÊãâÊñØÂä†ÁöáÂêé","zhoraromanov101","","","","0","0","2017-10-28","zh-cn"
"1127824249","CarriexWalker","CarriexWalker","Pennsylvania, USA","CarriexWalker","","64519","2918","2013-01-28","zh-cn"
"hiFXeznRBeo35O51z+eWAgC0whuMi21YKyiua3Sd+0=","hiFXeznRBeo35O51z+eWAgC0whuMi21YKyiua3Sd+0=","hiFXeznRBeo35O51z+eWAgC0whuMi21YKyiua3Sd+0=","","","","2","4","2018-07-13","zh-cn"
"902787450891849729","Matthew","XszWsTQq8V7wB59","","","","0","25","2017-08-30","zh-cn"
"FvIfuzwbsZw1C6AZXHEvRhNBkU3QjELgdT9tBkaJos=","FvIfuzwbsZw1C6AZXHEvRhNBkU3QjELgdT9tBkaJos=","FvIfuzwbsZw1C6AZXHEvRhNBkU3QjELgdT9tBkaJos=","","","","118","16","2017-08-10","zh-cn"
"898519397849071616","Âç°Âìá‰ºä","y3mgS890HgBIUeJ","","","","0","31","2017-08-18","zh-cn"
"1913039600","karliss","karlissux","MA","karliss world","","12512","12715","2013-09-28","zh-cn"
"925424120568991744","ÈÄèÊòé ÂóØ","maratkorshunov2","","","","0","0","2017-10-31","zh-cn"
"sRlDWqT4huugt0gpTtXg6ev5TQH9Zv3dHS502buFzY=","sRlDWqT4huugt0gpTtXg6ev5TQH9Zv3dHS502buFzY=","sRlDWqT4huugt0gpTtXg6ev5TQH9Zv3dHS502buFzY=","","","","2","62","2017-10-16","zh-cn"
"944918822997413889","Ê¢ßÊ°ê‰πãÊÅãC","sofsandalnova6","","","","0","34","2017-12-24","zh-cn"
"917104169466716160","Èõ™ÂüüÈõÑÈπ∞","valentinovchar4","","1970Âπ¥ÁîüÔºåÁªèÂéÜÂÖ≠ÂõõÔºåÁé∞Â±Ö‰∏≠ÂõΩ","","16835","24","2017-10-08","zh-cn"
"uGlAuK3VrvANhAQAiFOJm1nbrXmFTwtmNRNE1g9Yd6k=","uGlAuK3VrvANhAQAiFOJm1nbrXmFTwtmNRNE1g9Yd6k=","uGlAuK3VrvANhAQAiFOJm1nbrXmFTwtmNRNE1g9Yd6k=","‰∏≠Âçé‰∫∫Ê∞ëÂÖ±ÂíåÂõΩ","ü•≥","","1","15","2019-01-12","zh-cn"
"902779178180890626","James","HRiB831Jam","","","","0","5","2017-08-30","zh-cn"
"898519011440431108","Â§ßÂ§¥Áà∏Áà∏","xK1gX8eiQMFwQ9w","","","","0","42","2017-08-18","zh-cn"
"902780191424077824","Vincent","AgkLEouMa","","","","0","8","2017-08-30","zh-cn"
"915717733777592320","Ê≤ßÊµ∑","KOW0QdnnkDfgvC7","","","","45976","119","2017-10-04","zh-cn"
"kdrlgclBJnrkyaVcGHEnDL9R3xIjEWYf8CzaOrpOOjc=","kdrlgclBJnrkyaVcGHEnDL9R3xIjEWYf8CzaOrpOOjc=","kdrlgclBJnrkyaVcGHEnDL9R3xIjEWYf8CzaOrpOOjc=","","","","1","62","2017-08-30","zh-cn"
"14sKta+ATygMbCyCTMAF6sGqsR+FfyuwR4HKPzE05K4=","14sKta+ATygMbCyCTMAF6sGqsR+FfyuwR4HKPzE05K4=","14sKta+ATygMbCyCTMAF6sGqsR+FfyuwR4HKPzE05K4=","","","","4","45","2017-08-30","zh-cn"
"103804719","Êë©Â§©ËΩÆÁ∫¶ÁÇÆÂπ≥Âè∞ÂæÆ‰ø°xdmtlove765","ronetaper","USA","Ronetaper","","13268","61","2010-01-11","en"
"980598628778692608","–ê–ª–∏–Ω–∞ –ö–æ–≤–∞–ª–µ–≤–∞","IXpu1furk0a20gR","","","","0","2","2018-04-02","zh-cn"
"222444384","Terrillz","terrillz48","PA","Terrillz world","","12033","10186","2010-12-03","en"
"769923511993458688","Gregcrios","gregcrios","Houston, TX","Gregcrios News","","20133","9","2016-08-28","en"
"HUiWPtVeu+s0Q2vLvDJHBRZYJZhNn2o9R245jUgz0=","HUiWPtVeu+s0Q2vLvDJHBRZYJZhNn2o9R245jUgz0=","HUiWPtVeu+s0Q2vLvDJHBRZYJZhNn2o9R245jUgz0=","","","","1","11","2017-08-29","zh-cn"
"1100698700085645313","ËÆ∞ÂøÜ‰πãÂüé","espino90700","","","","0","0","2019-02-27","zh-cn"
"NxLc2v6GqUb9CoBOMsvSqpMwgZ4S9HUV3j74fw6MLs=","NxLc2v6GqUb9CoBOMsvSqpMwgZ4S9HUV3j74fw6MLs=","NxLc2v6GqUb9CoBOMsvSqpMwgZ4S9HUV3j74fw6MLs=","–†—è–∑–∞–Ω—å, –†–æ—Å—Å–∏—è","","","3","29","2016-11-07","ru"
"898510939628199936","jiji","NSyVNOCMkgQBjlr","","","","0","35","2017-08-18","ru"
"EDMHm9WjZU3tz+uK5TwNF0SMBk5yu4otjBUXoSqubFI=","EDMHm9WjZU3tz+uK5TwNF0SMBk5yu4otjBUXoSqubFI=","EDMHm9WjZU3tz+uK5TwNF0SMBk5yu4otjBUXoSqubFI=","","","","1","52","2017-08-18","ru"
"dBKYVP1Hsg1V73irhiy40dkvrMkLcQ9Jo3ckSQEfII=","dBKYVP1Hsg1V73irhiy40dkvrMkLcQ9Jo3ckSQEfII=","dBKYVP1Hsg1V73irhiy40dkvrMkLcQ9Jo3ckSQEfII=","","","","1","6","2017-11-01","zh-cn"
"412332494","ÊàëÊúÄÁâõ","Tgsafsh","California, USA","jessamineyvwul","","13349","11523","2011-11-14","zh-cn"
"ZnH0My11Z3lkr7sc+DHPr21IsDk7EdJeLaESHwM08xA=","ZnH0My11Z3lkr7sc+DHPr21IsDk7EdJeLaESHwM08xA=","ZnH0My11Z3lkr7sc+DHPr21IsDk7EdJeLaESHwM08xA=","","","","1","32","2017-08-30","zh-cn"
"bF6Az7sj3D1jYDAYT8IqkBBeRtuTbUsIvjJVpXZ8hA=","bF6Az7sj3D1jYDAYT8IqkBBeRtuTbUsIvjJVpXZ8hA=","bF6Az7sj3D1jYDAYT8IqkBBeRtuTbUsIvjJVpXZ8hA=","","","","5","74","2017-09-19","zh-cn"
"4643302950","‰πæÂù§","eng095957913571","","","","25315","44","2015-12-24","zh-cn"
"2914062932","‰π±Á†ÅÂ∞èÂ≠ê","medigerkl","United States","üòáü•∞","","18900","11701","2014-11-29","zh-cn"
"944939752771465216","Bella","Oo7ONLY46N75q6q","","","","0","37","2017-12-24","zh-cn"
"898019248341106688","sivalevleha","sivalevleha","Las Vegas, NV","sivalevleha","","16779","15520","2017-08-17","en"
"923387595400167424","huawei3","wangxs616","","","","0","2","2017-10-26","zh-cn"
"nLj86Ivi1yr+Ya2hDSM8RF6O8PHm0ZQCq95ISEEFOYg=","nLj86Ivi1yr+Ya2hDSM8RF6O8PHm0ZQCq95ISEEFOYg=","nLj86Ivi1yr+Ya2hDSM8RF6O8PHm0ZQCq95ISEEFOYg=","","","","2","3","2012-07-18","es"
"5rkWhrqJuL40RVHl3UT05XeFZ0gvwholYoNT2ZM0vs=","5rkWhrqJuL40RVHl3UT05XeFZ0gvwholYoNT2ZM0vs=","5rkWhrqJuL40RVHl3UT05XeFZ0gvwholYoNT2ZM0vs=","","","","3","19","2013-02-26","zh-cn"
"741271887536394240","mari1lcaire","mari1lcaire","West Hollywood, CA","mari1lcaire","","49342","18953","2016-06-10","en"
"kzNDjx78Pk0WijtGVBbWfq8K+TpTxT2ijHsnFwzkbg=","kzNDjx78Pk0WijtGVBbWfq8K+TpTxT2ijHsnFwzkbg=","kzNDjx78Pk0WijtGVBbWfq8K+TpTxT2ijHsnFwzkbg=","","","","1","18","2017-08-30","zh-cn"
"902801051459481600","Atwood","NHTjuUR7Uq3FAx1","","","","0","39","2017-08-30","zh-cn"
"I9J6ADHmmZktVQVsjY8P0aUZwYWcB8cHYS8Izpz9ogE=","I9J6ADHmmZktVQVsjY8P0aUZwYWcB8cHYS8Izpz9ogE=","I9J6ADHmmZktVQVsjY8P0aUZwYWcB8cHYS8Izpz9ogE=","","","","2","42","2017-08-18","ru"
"898581615286386689","ÊûóÂ§ï","ZUanc3Ytke3lfuE","","","","0","46","2017-08-18","zh-cn"
"902799699723374592","William","nnJIcD3irnEm7pP","","","","0","27","2017-08-30","zh-cn"
"1071966574049816577","JennySmith7548","JSmith7548","Los Angeles, CA","Unapologetic coffee fanatic. Avid student. Web enthusiast. Wannabe foodaholic.","","0","0","2018-12-10","en"
"4889276451","ÁèçÁîü","routeggupuc1980","Los Angeles, CA","routeggupuc1980","","24461","72","2016-02-08","zh-cn"
"rjNejV4I6ASDG9aR8YqvQLHuMQ3Vbpvrzu2k2r57D2o=","rjNejV4I6ASDG9aR8YqvQLHuMQ3Vbpvrzu2k2r57D2o=","rjNejV4I6ASDG9aR8YqvQLHuMQ3Vbpvrzu2k2r57D2o=","","","","10","125","2017-11-01","zh-cn"
"uWa3OiW0tdEe4m+sQY8OYQda1EQECQc8JANM7z1Bw0=","uWa3OiW0tdEe4m+sQY8OYQda1EQECQc8JANM7z1Bw0=","uWa3OiW0tdEe4m+sQY8OYQda1EQECQc8JANM7z1Bw0=","","","","1","2","2019-02-27","zh-cn"
"255993278","Kalebeters","kalebeters","Upper Darby, PA","Kalebeters Cute","","24712","14276","2011-02-22","zh-cn"
"81136659","nchdd","jdhdnchsdh","Cicero, IL","xuanjw8ireen","","11594","9658","2009-10-09","en"
"898518925180358656","ÂÆâÂ®ú","JMhDH03YS9UtqDL","","","","0","18","2017-08-18","zh-cn"
"917692198870712320","Á±≥Â•á","ukw77567","los","„ÄäÊ±üÂüéÂ≠ê„Äã ËãèËΩº
ÂçÅÂπ¥ÁîüÊ≠ª‰∏§Ëå´Ëå´Ôºå‰∏çÊÄùÈáèÔºåËá™ÈöæÂøò„ÄÇ
ÂçÉÈáåÂ≠§ÂùüÔºåÊó†Â§ÑËØùÂáÑÂáâ„ÄÇ Á∫µ‰ΩøÁõ∏ÈÄ¢Â∫î‰∏çËØÜÔºåÂ∞òÊª°Èù¢ÔºåÈ¨ìÂ¶ÇÈúú„ÄÇ
Â§úÊù•ÂπΩÊ¢¶ÂøΩËøò‰π°ÔºåÂ∞èËΩ©Á™óÔºåÊ≠£Ê¢≥Â¶Ü„ÄÇ
Áõ∏È°æÊó†Ë®ÄÔºåÊÉüÊúâÊ≥™ÂçÉË°å„ÄÇÊñôÂæóÂπ¥Âπ¥ËÇ†Êñ≠Â§ÑÔºåÊòéÊúàÂ§úÔºåÁü≠ÊùæÂÜà„ÄÇ","","0","43","2017-10-10","zh-cn"
"3729773189","ÊúâÁÇπÂ∞èÂ∏ÖÊùúÂÖ∞Áâπ","melvavbrg","Michigan, USA","Âø†ËØöÊó†‰∫åË©πÂßÜÊñØ","","12303","124","2015-09-21","en"
"924268937088524288","Á•ûÁΩóÂ§©ÂæÅ","lapteva5400","","","","0","0","2017-10-28","zh-cn"
"fMPA8G2z8yjkrEMdZkNSnRraECis1zX6tv2N7NcF7aY=","fMPA8G2z8yjkrEMdZkNSnRraECis1zX6tv2N7NcF7aY=","fMPA8G2z8yjkrEMdZkNSnRraECis1zX6tv2N7NcF7aY=","","","","21","31","2018-07-13","zh-cn"
"4249759479","ÊûóÊ∑±ËßÅÈπø","HcqcPapleyAshle","–ú–æ—Å–∫–≤–∞","–†–µ–∑—å–±–∞ –ø–æ –¥–µ—Ä–µ–≤—É  #  .  –∫–∞–Ω–¥-—Ç#–í–æ–∑–¥—É—Ö–æ–ø–ª–∞–≤–∞—Ç–µ–ª—å","","0","0","2015-11-22","zh-cn"
"yQ2168dsvgRju8fSyjt8cpAJMyL5nYP5FPa91ep34Ik=","yQ2168dsvgRju8fSyjt8cpAJMyL5nYP5FPa91ep34Ik=","yQ2168dsvgRju8fSyjt8cpAJMyL5nYP5FPa91ep34Ik=","ÂçéÂ§è","","","1","8","2016-06-24","zh-cn"
"898517260033290240","Âê¥Êµ∑","2VB3DcLYobExE3v","","","","0","34","2017-08-18","zh-cn"
"mxZ1auZT3Uk2tNtsT3jk42gR5BPYOtSRPOQx1kNzo=","mxZ1auZT3Uk2tNtsT3jk42gR5BPYOtSRPOQx1kNzo=","mxZ1auZT3Uk2tNtsT3jk42gR5BPYOtSRPOQx1kNzo=","","","","4","105","2017-10-17","en"
"uSeViCRXvlKQSSTLmiXtHlH9jQbLI+diQQ6vZeoylk=","uSeViCRXvlKQSSTLmiXtHlH9jQbLI+diQQ6vZeoylk=","uSeViCRXvlKQSSTLmiXtHlH9jQbLI+diQQ6vZeoylk=","","","","2","32","2017-10-18","zh-cn"
"898513062143119360","ÊãâËê®‰∏âÊôÆ","c0ohKuNpqdVPSI1","","","","0","18","2017-08-18","zh-cn"
"930571812353712128","sanfeng","davidnelson7132","","","","0","0","2017-11-14","zh-cn"
"1295062716","Chelsea Butterfield","ButterfieldvsaC","","","","0","0","2013-03-24","en"
"4806517036","HelenEricksonx","HelenEricksonx","The Netherlands","HelenEricksonx","","40213","71","2016-01-14","zh-cn"
"xSK8D6Sy4Cgy8gm6gmDwrn8pYYCDH2WBlOP+yI+ZRXo=","xSK8D6Sy4Cgy8gm6gmDwrn8pYYCDH2WBlOP+yI+ZRXo=","xSK8D6Sy4Cgy8gm6gmDwrn8pYYCDH2WBlOP+yI+ZRXo=","","","","58","99","2017-10-29","zh-cn"
"2239517454","keva42nlatus","keva42nlatus","Florida, NY","keva42nlatus","","15033","1894","2013-12-10","zh-cn"
"1100697498765615105","‰ΩôÁîüÁõ∏Êã•","deeb4687","","","","0","0","2019-02-27","zh-cn"
"1297715425","Èô≥Â©∑Ëä≥","PonceneqFelicit","United States","ÁæéÈ£üË©ïË´ñÂÆ∂","","0","6","2013-03-25","zh-cn"
"2169411427","Ëñ∞Ë°£Ëçâ","tyatyanak76t","Cicero, IL","this is life","","17808","44","2013-11-02","zh-cn"
"PcR1mdPvMdAaMQplmX87ENMsedGz19lvDsQCYK7PArY=","PcR1mdPvMdAaMQplmX87ENMsedGz19lvDsQCYK7PArY=","PcR1mdPvMdAaMQplmX87ENMsedGz19lvDsQCYK7PArY=","","","","7","22","2017-07-11","zh-cn"
"5btwb9oLRdYXdoPJROMTHql0RXOXwktUdl7Nqq75JA=","5btwb9oLRdYXdoPJROMTHql0RXOXwktUdl7Nqq75JA=","5btwb9oLRdYXdoPJROMTHql0RXOXwktUdl7Nqq75JA=","","","","2","42","2017-08-30","zh-cn"
"902818517053054976","Èæô‰∏âÁîü","tz8HZ3MQZO54J6R","","","","0","38","2017-08-30","zh-cn"
"179047236","Ê°ÉËä±Êûó‰∏≠ËØ¥Ê°ÉËä±","vezerullasav158","California, USA","Mooyoo","","19810","22417","2010-08-16","zh-cn"
"tYbR8qO5b5SoiMXN10Z4b8OQQKbOHuBoeWr1NMTktRw=","tYbR8qO5b5SoiMXN10Z4b8OQQKbOHuBoeWr1NMTktRw=","tYbR8qO5b5SoiMXN10Z4b8OQQKbOHuBoeWr1NMTktRw=","","","","184","21","2018-03-29","zh-cn"
"747351754723844096","Á©øÁöÑÁ°ÆËâØÁöÑÂõΩÁéã","SemyonovaGera","","","","12401","11","2016-06-27","zh-cn"
"2329240622","Â∞èËìùÈ≤∏","kristinaeug5kor","Ashburn, VA","üòÉüòâüòâ","","13468","351","2014-02-05","zh-cn"
"RDn9yqiyFNXz6JZPDsHItGZz5BCvQmhBcrD2oCmIUn0=","RDn9yqiyFNXz6JZPDsHItGZz5BCvQmhBcrD2oCmIUn0=","RDn9yqiyFNXz6JZPDsHItGZz5BCvQmhBcrD2oCmIUn0=","","","","650","73","2017-11-11","zh-cn"
"4689057336","Julie^.^Fox","JulieFo21740553","","","","0","0","2016-01-01","ru"
"898578084043132929","ÁëûÊòüËôπ","5CXklZCdBDLB1Gb","","","","0","42","2017-08-18","ru"
"913787912461762560","Èí±‰∫å","Vs20pVbHe3Bgy1z","","","","0","0","2017-09-29","zh-cn"
"925366015772561408","dr jduhh","iuliakazantsev8","","","","0","0","2017-10-31","zh-cn"
"D3ZwcCm1Q1WNkKWaakHKQ+JUEFVJlkVudsGO4RPWwzw=","D3ZwcCm1Q1WNkKWaakHKQ+JUEFVJlkVudsGO4RPWwzw=","D3ZwcCm1Q1WNkKWaakHKQ+JUEFVJlkVudsGO4RPWwzw=","","","","3","6","2017-11-01","zh-cn"
"1368044863","asdwyzkexa","asdwyzkexa","California, USA","asdwyzkexa","","41065","5500","2013-04-20","en"
"4190875581","shauntt","shaunta58sh","Niles, MI","shaunta58sh","","11817","170","2015-11-15","zh-cn"
"270363400","Resilceale","Resilceale","USA","Success Will","","11769","9191","2011-03-22","zh-cn"
"747323508741464065","John Green","cvetkovarmen83","","","","23786","3","2016-06-27","zh-cn"
"129707410","RekhBht","RekhBht","","","","11659","45","2010-04-05","zh-cn"
"902818258486784000","Á´πÂè∂Èùí","4KTtlFQntAbFo4m","","","","0","28","2017-08-30","zh-cn"
"4641907046","Karlie Kloss","na24896406206","‰∏≠Âçé‰∫∫Ê∞ëÂÖ±ÂíåÂõΩ","","","12814","58","2015-12-24","zh-cn"
"898578819908546561","uhytgdk","i3H8h955othWXsZ","","","","0","52","2017-08-18","zh-cn"
"VZoQDPJYXCn7rPqUIn974OIdU3qsYM51Ob2XgHPCcg=","VZoQDPJYXCn7rPqUIn974OIdU3qsYM51Ob2XgHPCcg=","VZoQDPJYXCn7rPqUIn974OIdU3qsYM51Ob2XgHPCcg=","","","","12","22","2017-08-30","zh-cn"
"902799344235143168","Andrew","VL5P0yb7AJKsm6E","","","","0","42","2017-08-30","zh-cn"
"1707170310","jenpaorz","jenpaorz","United States","jenpaorz","","41547","139","2013-08-28","zh-cn"
"zmQvkBqcgfXDleKelOlh4XtIwSMPJttwQLRTXJ27Yg=","zmQvkBqcgfXDleKelOlh4XtIwSMPJttwQLRTXJ27Yg=","zmQvkBqcgfXDleKelOlh4XtIwSMPJttwQLRTXJ27Yg=","","","","1","39","2017-08-18","zh-cn"
"747311068913905666","bobyly","bobylevamaina","","","","63428","923","2016-06-27","zh-cn"
"53322799","hristopherHiax","ChristopherHiax","The Netherlands","hristopherHiax","","41522","62","2009-07-03","zh-cn"
"747319676749766656","Camilla","miheevadjemma","New York, USA","i love uÔºåbut i love me moreüíî","","12695","59","2016-06-27","zh-cn"
"761109495187513344","ÁÇ´ÂΩ©","SheldonxLill","Los Angeles, CA","Sheldon Lillian","","9954","12272","2016-08-04","zh-cn"
"911961710566739968","–†–∏–º–º–∞ –î–µ–º–∏–Ω–∞","RimmaDemina8888","","","","17800","273","2017-09-24","ru"
"1313956164","Âë®Âª∫Ë±™","Hildeqijvbtco","Âè∞ÂåóÂ∏Ç, Âè∞ÁÅ£","Êàë‚ù§Âè∞ÊπæÔºå‚ù§ÂÖ®‰∏ñÁïåÁöÑÁæéÈ£üüòã","","0","0","2013-03-29","zh-tw"
"902830524481363969","autormfic","oDrjiwIOmq09XaZ","","","","65063","203","2017-08-30","zh-cn"
"xr4jmGzbuwFj8DyMeCPOUdpYua6OlYBbqkV2ujYjgaE=","xr4jmGzbuwFj8DyMeCPOUdpYua6OlYBbqkV2ujYjgaE=","xr4jmGzbuwFj8DyMeCPOUdpYua6OlYBbqkV2ujYjgaE=","London, England","Welcome to Essex Drone Racing Group The location's we fly are primarily in Hornchurch Romford Grays Harold Hill the tracks comprise of Open Fields and Forest","https://t.co/FLkVnr9NzX","48","74","2016-09-21","en"
"1090335153715662848","JimMorrow40505","morrow40505","Buffalo, NY","Web specialist. Food fanatic. Social media geek. Alcohol ninja. Travelaholic. Writer. Student.","","0","0","2019-01-29","en"
"g0Brr3vg1uO56jLDphs7K16dr2eIdpLPtAnPC5R08rY=","g0Brr3vg1uO56jLDphs7K16dr2eIdpLPtAnPC5R08rY=","g0Brr3vg1uO56jLDphs7K16dr2eIdpLPtAnPC5R08rY=","","","","1","0","2017-11-14","zh-cn"
"2273361559","ÁÅ´ÁÆ≠Èáë","1ertyufgh","Mississippi, USA","Bitcoin","","16820","4812","2014-01-02","zh-cn"
"930592773668945920","ËµµÁ••","JonesJones4780","","","","0","2","2017-11-15","zh-cn"
"898584637546663937","Âº†Âà©","x8KLy7wO3JssHGO","","","","0","59","2017-08-18","zh-cn"
"gQCOCp9+7RRTxaR7zvWsLY0cwlEEL62Wn+REJr35kQ=","gQCOCp9+7RRTxaR7zvWsLY0cwlEEL62Wn+REJr35kQ=","gQCOCp9+7RRTxaR7zvWsLY0cwlEEL62Wn+REJr35kQ=","","","","5","20","2017-08-30","zh-cn"
"19734474","gregg1mptsturdy","gregg1mptsturdy","Illinois, USA","gregg1mptsturdy","","21649","945","2009-01-29","zh-cn"
"E4sqELDq9uh0jsJxLwMVU5XfZUeLP6ieMcgzesrZJc=","E4sqELDq9uh0jsJxLwMVU5XfZUeLP6ieMcgzesrZJc=","E4sqELDq9uh0jsJxLwMVU5XfZUeLP6ieMcgzesrZJc=","","","","1","1","2017-07-28","zh-cn"
"902817988776271872","Êùé‰∏ë","OPbuaxlXvCGarHQ","","","","0","32","2017-08-30","zh-cn"
"28011774","pansdustruka198","pansdustruka198","Long Beach, CA","pansdustruka198","","14038","12549","2009-04-01","zh-cn"
"924402593048285185","Ë©πÂßÜÊñØ23","rustemmorozov13","","","","0","0","2017-10-28","zh-cn"
"1314912078","Gelinas","Venessaepntpudd","","","","0","0","2013-03-29","en"
"ZjIREIVD3H+C68kwY8FKwXT1PXNN3MgUT3jVEiSAM=","ZjIREIVD3H+C68kwY8FKwXT1PXNN3MgUT3jVEiSAM=","ZjIREIVD3H+C68kwY8FKwXT1PXNN3MgUT3jVEiSAM=","","","","1","44","2017-08-30","zh-cn"
"2l1eDka0eiClBUYoDXlwYaKcUaeelnz44aDM9OJRM=","2l1eDka0eiClBUYoDXlwYaKcUaeelnz44aDM9OJRM=","2l1eDka0eiClBUYoDXlwYaKcUaeelnz44aDM9OJRM=","","","","3","89","2017-10-06","zh-cn"
"JzmQ4Pu4BP8RiwA7U7UsPXuJ2jgNeAOZsLG7vLAW9Y=","JzmQ4Pu4BP8RiwA7U7UsPXuJ2jgNeAOZsLG7vLAW9Y=","JzmQ4Pu4BP8RiwA7U7UsPXuJ2jgNeAOZsLG7vLAW9Y=","","","","1","37","2017-08-18","ru"
"ShqocuQ17a4kahplKvE9r+4j6RzdbwiGGDjW+Q0SsQg=","ShqocuQ17a4kahplKvE9r+4j6RzdbwiGGDjW+Q0SsQg=","ShqocuQ17a4kahplKvE9r+4j6RzdbwiGGDjW+Q0SsQg=","","","","2","52","2017-08-30","zh-cn"
"747338501725663232","SK_Zuzuki","golubevavenust1","","love,Sung Kang","","12558","84","2016-06-27","zh-cn"
"e9ApoGCRfLSe7ngdkt1B665PwrLIFNVPAeAY2tIZWg=","e9ApoGCRfLSe7ngdkt1B665PwrLIFNVPAeAY2tIZWg=","e9ApoGCRfLSe7ngdkt1B665PwrLIFNVPAeAY2tIZWg=","","","","1","37","2017-08-18","zh-cn"
"ueV2dN3HOL24gOeDeNDZzDn0LU+68V9kby+jDR2pm4=","ueV2dN3HOL24gOeDeNDZzDn0LU+68V9kby+jDR2pm4=","ueV2dN3HOL24gOeDeNDZzDn0LU+68V9kby+jDR2pm4=","","","","15","2","2017-10-26","zh-cn"
"928157436967469057","Penney","Penney53157226","","i am penney ,i like  jennfu","","0","66","2017-11-08","en"
"747335622520504320","Â∞èË∑Ø","oliverafanasev1","","","","12698","19","2016-06-27","zh-cn"
"929081058703769600","lujunhelei56","lujunhelei56","","","","0","8","2017-11-10","zh-cn"
"898585303287566336","ÊùéÁ¶ª","mt78AbYP8EQOLBK","","","","0","27","2017-08-18","zh-cn"
"745630879528124416","Jackson Brookly","JacksonBrookly","","","","43658","379","2016-06-22","zh-cn"
"920839258868297728","Dpbeg11Rahey","Dpbeg11Rahey","","","","15873","4","2017-10-19","zh-cn"
"747295026225393664","llyky o","gulnaralebedev5","","","","52590","85","2016-06-27","zh-cn"
"EU6RZpi1gwNvXYruW55GlqovGESHq4PHTGMOcokzJbQ=","EU6RZpi1gwNvXYruW55GlqovGESHq4PHTGMOcokzJbQ=","EU6RZpi1gwNvXYruW55GlqovGESHq4PHTGMOcokzJbQ=","","","","14","15","2017-10-08","zh-cn"
"918940309647589376","moli520","Molimoli118","","","","0","0","2017-10-13","zh-cn"
"898579745339842561","‰æù‰æù","lgb5WJSMrh4HSMZ","","","","0","41","2017-08-18","zh-cn"
"960872798","marcia cristina","marciac17852693","","","","0","5","2012-11-20","zh-cn"
"QlOuvbnY5H35ivNcWcHtifTLn8DN84244vOyzvYj7B8=","QlOuvbnY5H35ivNcWcHtifTLn8DN84244vOyzvYj7B8=","QlOuvbnY5H35ivNcWcHtifTLn8DN84244vOyzvYj7B8=","","","","1","10","2019-02-22","zh-cn"
"1231590146","Palma Poore","PoorejghPalma","","","","0","0","2013-03-01","en"
"902786732281745409","Jacqueline","0LJK4SiYJ9hNg92","","","","0","42","2017-08-30","zh-cn"
"925268796","Myolcam","myolcam","Manhattan, NY","Myolcam","","28302","3848","2012-11-04","zh-cn"
"982902029029797888","GGGGG-Dragon","a9NvsLfbj9kHoO7","Province of Moscow, Russia","A bad life is like a puddle of mud ,but you should consider yourself an artistÔºÅ","","13484","27","2018-04-08","zh-cn"
"910780874924359682","–°–∞–Ω—ë–∫ –•–∞—Å–∞–Ω–æ–≤","sanekkhasanov42","","","","0","0","2017-09-21","ru"
"hJaGbS4nQIJwmJHWnFKfutqHDBLI+apIfA1sRLe2In8=","hJaGbS4nQIJwmJHWnFKfutqHDBLI+apIfA1sRLe2In8=","hJaGbS4nQIJwmJHWnFKfutqHDBLI+apIfA1sRLe2In8=","","","","10","2","2017-10-17","zh-cn"
"3388184553","‰∏≠","lacy6ysjodin","Austin, TX","lacy6ysjodin","","14340","6083","2015-07-22","en"
"929080598123003904","lujunhelei54","lujunhelei54","","","","0","0","2017-11-10","zh-cn"
"825851272515375105","Âêå‰∫∫Ê≥∞","TongrenThai","Los Angeles, CA","TongrenThai","","11364","12216","2017-01-29","en"
"902819807803912194","Â§öÂ§ö","ppskEqEesHUKyQu","","","","0","32","2017-08-30","zh-cn"
"fMrwqkdc4ynxcGeaAiyOwTcqc26OddtQWiltu0GEZYE=","fMrwqkdc4ynxcGeaAiyOwTcqc26OddtQWiltu0GEZYE=","fMrwqkdc4ynxcGeaAiyOwTcqc26OddtQWiltu0GEZYE=","","","","2","21","2017-08-19","zh-cn"
"898582426129235970","ÊÖßÂ≠ê","TcWcHxN6gWuxug8","","","","0","44","2017-08-18","zh-cn"
"920818033458688002","begak","begak3","","","","0","0","2017-10-19","zh-CN"
"747356042246291456","‰∏ÄÊ∞¥ÂØí","tattazueva2","","","","67522","2","2016-06-27","zh-cn"
"SPRVi2XIkTG9hsUeg8haOfXZmOyM4C4ScfvT7yZU5g=","SPRVi2XIkTG9hsUeg8haOfXZmOyM4C4ScfvT7yZU5g=","SPRVi2XIkTG9hsUeg8haOfXZmOyM4C4ScfvT7yZU5g=","Washington, DC","","","149","100","2018-07-13","en"
"cO2F1tY5msaogf69z7RBOcQvMtATHHJNqurj1DkdU=","cO2F1tY5msaogf69z7RBOcQvMtATHHJNqurj1DkdU=","cO2F1tY5msaogf69z7RBOcQvMtATHHJNqurj1DkdU=","","","","1","4","2017-11-02","zh-cn"
"4906853848","Guilherme Soares","GuilhermeJacira","","","","0","1","2016-02-14","en"
"pE4rO3uiWjYKCScMKTGzCFOrSRWP8vRcoyz1HNWLl4=","pE4rO3uiWjYKCScMKTGzCFOrSRWP8vRcoyz1HNWLl4=","pE4rO3uiWjYKCScMKTGzCFOrSRWP8vRcoyz1HNWLl4=","","","","1","58","2017-08-18","zh-cn"
"747350912599920640","‰∏ÄÊäπÁ∫¢","ulrikagorbache6","","","","45610","3","2016-06-27","zh-cn"
"747352304022495232","‰πùÂ§¥È∏ü","kriskentiipest1","","","","49564","7","2016-06-27","zh-cn"
"OrIp16w11sCkQPw0hO4jhfjIQ+SqteLTl0hyi9tYJGI=","OrIp16w11sCkQPw0hO4jhfjIQ+SqteLTl0hyi9tYJGI=","OrIp16w11sCkQPw0hO4jhfjIQ+SqteLTl0hyi9tYJGI=","","","","58","113","2017-10-29","zh-cn"
"926756318945402880","Á∫¢Â°îÂ±±","Jensen1509James","","","","0","0","2017-11-04","zh-cn"
"7NKyI163wkmrMkylFqQ2kzpf0VKS51B8Nn63INx6oOs=","7NKyI163wkmrMkylFqQ2kzpf0VKS51B8Nn63INx6oOs=","7NKyI163wkmrMkylFqQ2kzpf0VKS51B8Nn63INx6oOs=","","","","1","38","2017-08-18","zh-cn"
"902817537741729792","Ëí≤ÂÖ¨Ëã±","CIkflqfoa6bhr0u","","","","0","25","2017-08-30","zh-cn"
"909778740514656262","moli","molimoli518","","","","11371","10782","2017-09-18","zh-cn"
"DIJCNPsTK8mSl+kHLqSC8Qs9muiTiDkd9TJpXud5np8=","DIJCNPsTK8mSl+kHLqSC8Qs9muiTiDkd9TJpXud5np8=","DIJCNPsTK8mSl+kHLqSC8Qs9muiTiDkd9TJpXud5np8=","","","","2","42","2017-08-18","zh-cn"
"1050033155036639232","È∫¶ÂÖãÈõ∑kris","TaKIIf265KCXcQ8","","ÊóÖË°åÁà±Â•ΩËÄÖ Êó∂‰∫ãÂÖ≥Ê≥®ËÄÖ ÁæéÈ£üÁà±Â•ΩËÄÖ","","0","2","2018-10-10","zh-cn"
"1100695706828849154","ËêΩËä±ÂøÜÊ¢¶","pryor07258","","","","0","0","2019-02-27","zh-cn"
"910296636294877184","Â∞èËÄÅÈº†ÁôΩ","xiaolaoshubai","","","","0","0","2017-09-20","zh-cn"
"898581276063617025","Â∞èÊùé","y6Hcuj97hRQd9gl","","","","0","52","2017-08-18","zh-cn"
"928938372948574208","ÁæéÈ£üÁöÑËØ±ÊÉë","zd88888888","","100‚ÑÖ followback","","12651","11605","2017-11-10","zh-cn"
"898513023366778881","ÊùéÈÄµÁê™","42nZ0PYfD1sSDM7","","","","0","36","2017-08-18","zh-cn"
"1124928450517712896","Lisette Akester","AkesterLisette","","","","0","0","2019-05-05","en"
"fmegscydeAVmjeppt58DsEQ3W9MdXeBQ5BDeRP5kpY=","fmegscydeAVmjeppt58DsEQ3W9MdXeBQ5BDeRP5kpY=","fmegscydeAVmjeppt58DsEQ3W9MdXeBQ5BDeRP5kpY=","","","","2","44","2017-10-19","zh-cn"
"929081529061347329","ÁáÉÁÉßÂêß","lujunhelei57","","","","0","0","2017-11-10","zh-cn"
"1268574649","ËâæËø™Áîü","bankyecna","CA","bankyecna","","11569","26","2013-03-15","en"
"W+m8KkJVdokfTrudeBcwPkIMjj4WYGMgB32qKWe9Fg=","W+m8KkJVdokfTrudeBcwPkIMjj4WYGMgB32qKWe9Fg=","W+m8KkJVdokfTrudeBcwPkIMjj4WYGMgB32qKWe9Fg=","","","","2","0","2017-06-21","zh-cn"
"930584473816543232","Â≠ôÁæéÁæé","smith_smith4295","","","","0","1","2017-11-14","zh-cn"
"iHIh+RILI5VBKy+GW9f9xnlRG+bgHirep8asHfMy1Q=","iHIh+RILI5VBKy+GW9f9xnlRG+bgHirep8asHfMy1Q=","iHIh+RILI5VBKy+GW9f9xnlRG+bgHirep8asHfMy1Q=","","","","1","53","2017-10-10","zh-cn"
"1071396817772965888","EVA LAMY","J8Qu1G6VsEscsJH","","","","0","4","2018-12-08","zh-cn"
"902780232163360768","Kevin","J4NQdTp5iER8ELg","","","","0","36","2017-08-30","zh-cn"
"1071849150134804480","EdgarGrillo50434","grillo50434","West Chicago, IL","Certified travel advocate. Beer evangelist. Internet nerd. Wannabe organizer. Food specialist. Communicator.","","0","0","2018-12-09","en"
"w5jyswR+IhPaTN+1Mj9OeEjzWnYusRu3wtyO1aw0SAE=","w5jyswR+IhPaTN+1Mj9OeEjzWnYusRu3wtyO1aw0SAE=","w5jyswR+IhPaTN+1Mj9OeEjzWnYusRu3wtyO1aw0SAE=","","","","1","12","2019-04-29","zh-cn"
"1075633655735820288","Marfel","Marfel78708652","","","","0","0","2018-12-20","zh-cn"
"902782015954706432","Howard Allen","kwp5FDLpPAqzqLG","","","","0","39","2017-08-30","zh-cn"
"RB1Fqvsz5qMefmLln5HMTtmUyesIDBdPlqTVUxZWbmw=","RB1Fqvsz5qMefmLln5HMTtmUyesIDBdPlqTVUxZWbmw=","RB1Fqvsz5qMefmLln5HMTtmUyesIDBdPlqTVUxZWbmw=","","","","1","49","2017-08-30","zh-cn"
"1055462917095735302","ÁôΩËç°Êºæ","mx0qDKcNQPejxdb","Moscow, Russia","–¢—Ä—É–±–∞ –∞—Ä—Ö–∞–Ω–≥–µ–ª–∞","","0","0","2018-10-25","zh-cn"
"902780147132235777","Thomas","qo9BdiegvvyZyjG","","","","0","7","2017-08-30","zh-cn"
"925377191818547200","–†–∞—É  –°–µ—Ä–≥–µ–µ–≤","RaufSergeev3400","","","","0","0","2017-10-31","ru"
"BXkEUjPdSiXc8UfeSRbQ6ewGjzoEyoAsvvXq1IkgI=","BXkEUjPdSiXc8UfeSRbQ6ewGjzoEyoAsvvXq1IkgI=","BXkEUjPdSiXc8UfeSRbQ6ewGjzoEyoAsvvXq1IkgI=","","","","2","19","2015-06-19","en"
"902818711429672960","ËÅÇËÉúÂ§©","8Y47zqJHrzkZ02q","","","","0","28","2017-08-30","zh-cn"
"898514096697606144","Êó∂Â±ÄÈòøÂè∏","t4n91mF5rnBOFtF","","","","0","27","2017-08-18","zh-cn"
"902780155592101888","Gary","tzD0ZKu66AbMrku","","","","0","6","2017-08-30","zh-cn"
"983568071179644933","Êµ∑ÈòîÂ§©Á©∫","Justin19950203","","","","32406","37","2018-04-10","zh-cn"
"mC0HrK3dxCDjoQKr3KzmBfbTImZdYVZvUK7qTZ9rQ=","mC0HrK3dxCDjoQKr3KzmBfbTImZdYVZvUK7qTZ9rQ=","mC0HrK3dxCDjoQKr3KzmBfbTImZdYVZvUK7qTZ9rQ=","Chennai","","","24","50","2013-11-16","zh-cn"
"915525346098851840","‰∫ëÊµ∑","rbhzwgDd3p1gWaZ","","","","46733","60","2017-10-04","zh-cn"
"898584903138390016","ÂàòÂπ≥","KmGxU21l7WQUwAm","","","","0","26","2017-08-18","zh-cn"
"RBeKRj35BFKjgANcax+WvaKhtEui1ajPp9Yd68D3kA=","RBeKRj35BFKjgANcax+WvaKhtEui1ajPp9Yd68D3kA=","RBeKRj35BFKjgANcax+WvaKhtEui1ajPp9Yd68D3kA=","","","","1","43","2017-11-02","zh-cn"
"908202695294455810","Jf","Jf29625902","","","","16252","62","2017-09-14","zh-cn"
"919821035117015042","moli345moli","moli345moli1","","","","0","0","2017-10-16","zh-cn"
"TQVIVDCIdkcO+tInJmoLLAduZCFuF0xeZ2y+idNUpg=","TQVIVDCIdkcO+tInJmoLLAduZCFuF0xeZ2y+idNUpg=","TQVIVDCIdkcO+tInJmoLLAduZCFuF0xeZ2y+idNUpg=","","H·ªôp ƒê·ª±ng ƒê·ªì, H·ªôp V·∫£i ƒê·ª±ng ƒê·ªì, H·ªôp ƒê·ª±ng Gi√†y","https://t.co/NEtNC78rV5","209","6","2017-09-17","en"
"122337743","Makey","charikamci","Long Beach, CA","","","29089","5619","2010-03-12","zh-tw"
"898516123695632384","Âàò  Êµ∑   Ê≥¢","onx9xuas29aG8my","","","","0","39","2017-08-18","zh-cn"
"791015242448850945","Klausv","klausv02","Manhattan, NY","‚úßKlausv World","","14904","13592","2016-10-25","en"
"747340628820824064","Joan Lee Kershaw","volodarvishnya4","","","","12633","72","2016-06-27","zh-cn"
"212010882","ÂåóÊûÅÁöÑÂ§©Á©∫","KondratevFortu","California, USA","Kondratev Fortun","","11461","4160","2010-11-04","zh-cn"
"898518276552216576","Âàò‰∏∫","M1oRhIy9m3RUauc","","","","0","30","2017-08-18","zh-cn"
"1057565460328275968","ÂêàÊ≥ïÂÆùcg","HHbvgfz","","","","11374","12476","2018-10-31","zh-cn"
"3160087765","gofhbbarde","gofhbbarde","Michigan, USA","gofhbbarde","","11448","903","2015-04-16","zh-cn"
"WlvnfEWSBLOX2MEni8aVnKAcMex2WsAqGOqTiQC4Lmc=","WlvnfEWSBLOX2MEni8aVnKAcMex2WsAqGOqTiQC4Lmc=","WlvnfEWSBLOX2MEni8aVnKAcMex2WsAqGOqTiQC4Lmc=","","","","1","37","2017-08-30","zh-cn"
"919204585167826944","thanks","3GHmM1M6qiQ3q7g","","","","14957","64","2017-10-14","zh-cn"
"2782691954","dick9bduc","dick9bduc","Berwyn, IL","dick9bduc","","21820","692","2014-08-31","en"
"747300143897010180","Alfreda","filadelfiyamur7","New York, USA","","","12801","63","2016-06-27","zh-cn"
"917093802288009221","ÂíåÂ§©‰∏ã","galina_omsk6166","","","","0","0","2017-10-08","zh-cn"
"788221364","Âº†ÂΩºÂæó","zhangbide9600","","","","105215","83","2012-08-29","zh-cn"
"cCKfbv54Zb1Ae41LVtAdUXtpIKCgIVLLYQuiXkx6k=","cCKfbv54Zb1Ae41LVtAdUXtpIKCgIVLLYQuiXkx6k=","cCKfbv54Zb1Ae41LVtAdUXtpIKCgIVLLYQuiXkx6k=","","","","1","4","2017-11-05","zh-cn"
"916839525611012097","Ê≥∞Â±±ÂéãÈîÖ","Sawyer19Carole","","","","0","66","2017-10-08","zh-cn"
"BDVA3KqjvCnuwq7780N6a+F4QVIVvkpH181KEhqMRs=","BDVA3KqjvCnuwq7780N6a+F4QVIVvkpH181KEhqMRs=","BDVA3KqjvCnuwq7780N6a+F4QVIVvkpH181KEhqMRs=","‰∏≠Âçé‰∫∫Ê∞ëÂÖ±ÂíåÂõΩ","","","11","171","2018-03-22","zh-CN"
"1475872464","Â±ïÁøÖÈ£ûÁøî","taisagor9ff","Michigan, USA","Great Hope","","30304","6593","2013-06-01","zh-cn"
"smV1SlSa1GfmpJIWQMtJTxuk6mHaUYyB4hkJrlIt0jM=","smV1SlSa1GfmpJIWQMtJTxuk6mHaUYyB4hkJrlIt0jM=","smV1SlSa1GfmpJIWQMtJTxuk6mHaUYyB4hkJrlIt0jM=","","","","16","16","2017-06-03","zh-cn"
"IFL1E0m0SRX2cdOtuLFV7xKtnBgxagKzNgkuGFvNtvs=","IFL1E0m0SRX2cdOtuLFV7xKtnBgxagKzNgkuGFvNtvs=","IFL1E0m0SRX2cdOtuLFV7xKtnBgxagKzNgkuGFvNtvs=","","","","2","0","2017-10-17","zh-cn"
"898510848859271168","yaya","9OWMCRXv8mfxnDG","","","","0","39","2017-08-18","ru"
"tJqOl2iEBWL3JWJVmogkasl3C+6FOX7w7jM1JhzJQxA=","tJqOl2iEBWL3JWJVmogkasl3C+6FOX7w7jM1JhzJQxA=","tJqOl2iEBWL3JWJVmogkasl3C+6FOX7w7jM1JhzJQxA=","Murfreesboro","I cannot choose but ever weep the friend.","","1","19","2016-10-08","ja"
"6YI8L08Xn7AJ5AIPAoPsVJZjb19g0TIkrn5KY5porxc=","6YI8L08Xn7AJ5AIPAoPsVJZjb19g0TIkrn5KY5porxc=","6YI8L08Xn7AJ5AIPAoPsVJZjb19g0TIkrn5KY5porxc=","–†–æ—Å—Å–∏—è ","","","153","2","2017-07-23","ru"
"z93spma669GVJnCDU4pXkLIDQ+8Xe2ezyx94t2+FTrY=","z93spma669GVJnCDU4pXkLIDQ+8Xe2ezyx94t2+FTrY=","z93spma669GVJnCDU4pXkLIDQ+8Xe2ezyx94t2+FTrY=","","","","3","5","2017-08-19","zh-cn"
"747294097921056773","Â∞èÁ±≥Ê§í","zgdyx","„Ç§„É≥„Çø„Éç„ÉÉ„Éà","ÊØèÊó•Á†∏ÈîÖËµÑËÆØÔºåÁúãÊàëÂ∞±Â§ü‰∫ÜÔºÅü§ü","","56486","6065","2016-06-27","zh-cn"
"902818791742205952","Êùé‰∏ÄÂàÄ","3rsEmZ6VBM282OR","","","","0","41","2017-08-30","zh-cn"
"746020267785355264","Karlie Elizabath Kloss","benjaminsparks7","","","","12704","87","2016-06-23","zh-cn"
"1100700305371643904","ÂΩ±‰º¥‰∫∫‰πÖ","JRobinson1825","","","","0","0","2019-02-27","zh-cn"
"1124194740453433344","Jayna Shakespeare","JaynaShakespea1","","","","0","0","2019-05-03","en"
"2z0JUKXl2esONv9f8wgK0ZfXfDkxNW65lwHgv1WHgA=","2z0JUKXl2esONv9f8wgK0ZfXfDkxNW65lwHgv1WHgA=","2z0JUKXl2esONv9f8wgK0ZfXfDkxNW65lwHgv1WHgA=","","","","1","47","2017-08-30","zh-cn"
"898512077320577026","Ë•øÊñπ‰∏ñÁïå","OaN0bBekaM0JTv8","","","","0","39","2017-08-18","zh-cn"
"924222606210928640","ÈªÑÈπ§Ê•º1916","nesterova6663","","","","0","0","2017-10-28","zh-cn"
"929079099032723456","ÊúâÁÇπÂÜ∑","lujunhelei51","","","","0","0","2017-11-10","zh-cn"
"1122030122343657472","Renee Burgess","ReneeBu82074822","","Snowboarder, Feminist, Grammar Nazi, Cultural Mythologist, Your long lost twin. Afraid of roller coasters and dry ice.","","0","0","2019-04-27","en"
"4004836276","arlettemijhs","arlettemijhs","Illinois, USA","arlettemijhs","","12315","1859","2015-10-20","zh-cn"
"1055462674694266881","ÈªéÊòé‰πãÂÖâ","zust3MaC2Fqgrws","‰∏≠ÂõΩ Êù≠Â∑û","—Ç—Ä–∞–Ω–Ω–æ —Ç–µ—Ä—è—Ç—å —á–µ–ª–æ–≤–µ–∫–∞ –ø–æ –µ–≥–æ –∂–µ –≤–æ–ª–µ–°","","0","0","2018-10-25","zh-cn"
"898585535098347520","ÂàòÂÆú","oib6CSiuwNEcCOr","","","","0","27","2017-08-18","zh-cn"
"907307853358170113","huzhshi","huzhshi","","","","0","0","2017-09-11","zh-tw"
"898516710323613696","Âê¥ÁÑØ‰∏∫","EMKqAIytqvfKRGi","","","","0","26","2017-08-18","zh-cn"
"fpwcaNlYkuko+KeuIBkGbqTITXT5qkjtInkAQKiMo=","fpwcaNlYkuko+KeuIBkGbqTITXT5qkjtInkAQKiMo=","fpwcaNlYkuko+KeuIBkGbqTITXT5qkjtInkAQKiMo=","","","","2","31","2017-08-18","zh-cn"
"6fxdBS7M0NZMGtUtKfOWYi4ekC5JErjXGP+gQN4ais=","6fxdBS7M0NZMGtUtKfOWYi4ekC5JErjXGP+gQN4ais=","6fxdBS7M0NZMGtUtKfOWYi4ekC5JErjXGP+gQN4ais=","","","","6","92","2017-11-01","zh-cn"
"1100699007729524736","Ëã•ÈÅáÊµÖÈ¶ô","sornsin1194","","","","0","0","2019-02-27","zh-cn"
"747815251278766080","Jessica","incipcidi","USA","Ask Incipcide For everything","","10815","1528","2016-06-28","zh-cn"
"756336579162013696","‰Ω†‰∏çÊáÇ","pyotr_safonov","","","","26533","11","2016-07-22","zh-cn"
"547149974","marylingozpra","marylingozpra","Cicero, IL","marylingozpra","","28898","3372","2012-04-06","en"
"923381953188872192","huawei2","wangxs612","","","","0","9","2017-10-26","zh-cn"
"bQORtjPyE2vvAP3vJ5UgrH9q+rx1qFJgpgVyZ98nUY=","bQORtjPyE2vvAP3vJ5UgrH9q+rx1qFJgpgVyZ98nUY=","bQORtjPyE2vvAP3vJ5UgrH9q+rx1qFJgpgVyZ98nUY=","","","","2","15","2017-12-24","zh-cn"
"dJiqqyGEUmvwhywLhndF4QiWssY9f8oDQPCLsAkL8aU=","dJiqqyGEUmvwhywLhndF4QiWssY9f8oDQPCLsAkL8aU=","dJiqqyGEUmvwhywLhndF4QiWssY9f8oDQPCLsAkL8aU=","","","","10","3","2017-09-27","zh-cn"
"416787831","‰ø°ËÄÖËµ∞Â§©Ê∂Ø","xingzhetianyaa","California, USA","üòÅÂÅöÂø´‰πêÁöÑËá™Â∑≤#Áõ∏‰∫í#‚ÄúüíØüíØüíØ‚Äúfollow me‚Äù„ÄÅ#‚Äúfo me‚Äù","","33193","12433","2011-11-20","zh-cn"
"898514800044634112","Ê±§Ê≠¶","oBM3q6uPmdykLEF","","","","0","39","2017-08-18","zh-cn"
"902780759253164034","Paul","jiajiashijiajia","","","","61815","81","2017-08-30","zh-cn"
"X9VpNaUUe5RoXzyHnRGIQyUd5bNNkmhqBrrRtzB4cg=","X9VpNaUUe5RoXzyHnRGIQyUd5bNNkmhqBrrRtzB4cg=","X9VpNaUUe5RoXzyHnRGIQyUd5bNNkmhqBrrRtzB4cg=","","","","31","137","2012-11-12","zh-cn"
"r+QLQEgpn4eFuN1qhvccxtPRmBJk3+rfO3k9wmPZTQI=","r+QLQEgpn4eFuN1qhvccxtPRmBJk3+rfO3k9wmPZTQI=","r+QLQEgpn4eFuN1qhvccxtPRmBJk3+rfO3k9wmPZTQI=","","","","1","4","2019-01-17","zh-cn"
"zMoclEdWrTzYVJvNBwLZd2KMx3EMsGjdWBoWgI98sQk=","zMoclEdWrTzYVJvNBwLZd2KMx3EMsGjdWBoWgI98sQk=","zMoclEdWrTzYVJvNBwLZd2KMx3EMsGjdWBoWgI98sQk=","","","","3","0","2017-10-14","zh-cn"
"924389078606471170","Á∫¢ÂèåÂñú","bashkirova2228","","","","0","3","2017-10-28","zh-cn"
"3776371692","Afsta","afstalrecza","HA","üòä üíìAfsta","","23181","12614","2015-10-04","zh-cn"
"1100698913143545861","‰ªªÂøÉËçíËäú","hamilton3083","","","","0","0","2019-02-27","zh-cn"
"uOZs9l90kjpTMudsExF+WcnabiFSlZLMQYX2gcMYBVY=","uOZs9l90kjpTMudsExF+WcnabiFSlZLMQYX2gcMYBVY=","uOZs9l90kjpTMudsExF+WcnabiFSlZLMQYX2gcMYBVY=","","","","2","2","2013-03-24","en"
"1100693470916853760","ËêΩÈôåÊàêÊÆá","coleman98564","","","","0","0","2019-02-27","zh-cn"
"747289319384055808","ÂèÆÂèÆÂΩì","dengni0","","","","12613","150","2016-06-27","zh-cn"
"912876892075765760","–û–∫—Å–∞–Ω–∞ –ö–æ–ª–æ—Å–æ–≤–∞","oksanakolosova7","","","","0","0","2017-09-27","ru"
"0QqazyXTunGfzxwwYgSMugZH0MxjzwJNck4+lHcKM8M=","0QqazyXTunGfzxwwYgSMugZH0MxjzwJNck4+lHcKM8M=","0QqazyXTunGfzxwwYgSMugZH0MxjzwJNck4+lHcKM8M=","","ÊàëÊòØ‰∏Ä‰∏™ËçâÊ∞ëÔºåÂç¥‰∏∫Ëøô‰∏™ÂõΩÂÆ∂ÊìçË∂≥‰∫ÜÂøÉ","","24","56","2012-08-29","zh-cn"
"979702827009396737","–êrm","KfZzEuB55F7ntP7","","","","0","43","2018-03-30","zh-cn"
"nCHa0OxsL0JeiYubgMuGrSNYuSXmrvgGugjlgrKe4A=","nCHa0OxsL0JeiYubgMuGrSNYuSXmrvgGugjlgrKe4A=","nCHa0OxsL0JeiYubgMuGrSNYuSXmrvgGugjlgrKe4A=","","","","4","67","2017-08-30","zh-cn"
"2346026113","Sanro","sanrojorlind","KA","Sanro","","15895","14375","2014-02-16","en"
"1194750901","lainy","aptib08e7","US","aptib08e7","","15013","81","2013-02-18","zh-CN"
"XzJ77H5S5n8swKL1MkirmKrsIWzbthBk0tOWMjBP0=","XzJ77H5S5n8swKL1MkirmKrsIWzbthBk0tOWMjBP0=","XzJ77H5S5n8swKL1MkirmKrsIWzbthBk0tOWMjBP0=","Los Angeles, CA","üò¨üò¨üò¨","","77","1632","2017-07-20","en"
"1050020807798415365","ËêΩÊó•ÈªÑÊòè","BkFGAgsvlkULktV","","","","0","1","2018-10-10","zh-cn"
"756321090532700160","ÁÉüÁÜèÂ¶Ü","veselinatihono2","","","","25612","25","2016-07-22","zh-cn"
"912707654690029568","Âº†Â≠êÂêõ","X8cUvc5usAOLNKg","","","","0","0","2017-09-26","zh-cn"
"NMN0qc8bdhLJMAPUZDuL1IIzICVeebM3ezzR+uMa7g=","NMN0qc8bdhLJMAPUZDuL1IIzICVeebM3ezzR+uMa7g=","NMN0qc8bdhLJMAPUZDuL1IIzICVeebM3ezzR+uMa7g=","","","","20","188","2017-11-01","zh-cn"
"p33sBOIcCoRglfyaJPoxZJRSQWbQmv9R5HVkpcfTmo=","p33sBOIcCoRglfyaJPoxZJRSQWbQmv9R5HVkpcfTmo=","p33sBOIcCoRglfyaJPoxZJRSQWbQmv9R5HVkpcfTmo=","","","","1","39","2017-08-18","zh-cn"
"GirgRKG36vs7eBx81goMAn6AlVfUp0RjKLwCCdd7aU=","GirgRKG36vs7eBx81goMAn6AlVfUp0RjKLwCCdd7aU=","GirgRKG36vs7eBx81goMAn6AlVfUp0RjKLwCCdd7aU=","","","","4","89","2017-07-27","zh-CN"
"898580289982803969","Â∞èËúúËúÇ","xXTrDR7w0nSHJ3S","","","","0","27","2017-08-18","zh-cn"
"1107519000282648576","Lashawn Holzkamp","HolzkampLashawn","","","","0","0","2019-03-18","en"
"Wj8qlPBGIEo1lhAGPYsHXbSjaN+pYeapDAGKj2JQD0=","Wj8qlPBGIEo1lhAGPYsHXbSjaN+pYeapDAGKj2JQD0=","Wj8qlPBGIEo1lhAGPYsHXbSjaN+pYeapDAGKj2JQD0=","","","","1","33","2017-08-30","zh-cn"
"924243343567216642","Èü¶Âæ∑3","leonidtarasenk1","","","","0","0","2017-10-28","zh-cn"
"902807523123761152","Elizabeth","giggsabc","","","","46799","37","2017-08-30","zh-cn"
"ClwwS1w+KADa0i8vdmGZ9JFH6EDpWn+lL1UT4hNlqoY=","ClwwS1w+KADa0i8vdmGZ9JFH6EDpWn+lL1UT4hNlqoY=","ClwwS1w+KADa0i8vdmGZ9JFH6EDpWn+lL1UT4hNlqoY=","","","","15","80","2017-10-08","zh-cn"
"gUmfLNlOJlPQoL0dE6kRoCQQ9ZS+wodMV7J2YY67zA=","gUmfLNlOJlPQoL0dE6kRoCQQ9ZS+wodMV7J2YY67zA=","gUmfLNlOJlPQoL0dE6kRoCQQ9ZS+wodMV7J2YY67zA=","","","","173","26","2018-03-29","ru"
"1125606263327318022","Georgia","Georgiaund50","","","","0","0","2019-05-07","en"
"352640669","Êûó‰æù‰æùÂÆá","liyiyiyu","California, USA","sbalyuy","","19503","220","2011-08-10","zh-cn"
"fRymhB4AqMUmkd4IafXE7ZkkysttskAG48wFB38OUlI=","fRymhB4AqMUmkd4IafXE7ZkkysttskAG48wFB38OUlI=","fRymhB4AqMUmkd4IafXE7ZkkysttskAG48wFB38OUlI=","","","","3","51","2017-08-30","zh-cn"
"1100697013291831298","‰ΩôÁîüÂÖ±ÊåΩ","garner17010","","","","0","1","2019-02-27","zh-cn"
"+QZhlOaSZla7qvedis2xt5rlkrW7PO2Uj+t+11SDhoM=","+QZhlOaSZla7qvedis2xt5rlkrW7PO2Uj+t+11SDhoM=","+QZhlOaSZla7qvedis2xt5rlkrW7PO2Uj+t+11SDhoM=","","","","7","40","2017-08-30","zh-cn"
"1110422431229976576","Madeline","Madelin24442018","","","","0","0","2019-03-26","en"
"4641957133","Lucy","_srk_Ciell","","„Çµ„ÉñÂû¢„Å®„É™„Ç¢Âû¢","","84772","23","2015-12-24","zh-cn"
"pAPZcBOlsHhF2sv5fBWt8Pgxe0ayi0Saz0MtLRf2E=","pAPZcBOlsHhF2sv5fBWt8Pgxe0ayi0Saz0MtLRf2E=","pAPZcBOlsHhF2sv5fBWt8Pgxe0ayi0Saz0MtLRf2E=","","","","1","28","2017-08-30","zh-cn"
"76002595","Mahtmill","mahtmillkin","KA","Mahtmill Love","","14575","12186","2009-09-21","zh-cn"
"747313588415561728","ÊØãÈóÆ","panteleimontim2","","","","12520","40","2016-06-27","zh-cn"
"898580223389822976","ÂïäÂì•","2dS4fpaB6ShSNFj","","","","0","20","2017-08-18","zh-cn"
"1125612869033320448","Almeda Peard","PeardAlmeda","","","","0","0","2019-05-07","en"
"151208178","Ë†¢Ëêå","ephrayimbs","","ephrayim","","12280","10199","2010-06-02","zh-cn"
"GyIrS4bo1w4ND3Qc0ZMDp4nYnw5FFh4pHrebIezjeJI=","GyIrS4bo1w4ND3Qc0ZMDp4nYnw5FFh4pHrebIezjeJI=","GyIrS4bo1w4ND3Qc0ZMDp4nYnw5FFh4pHrebIezjeJI=","","","","1","46","2017-08-30","zh-cn"
"924280299697135619","Á∫¢Â°î","vovakuznetsov58","","","","0","0","2017-10-28","zh-cn"
"2dH+V4WJwcgOZaiLw2e61uPTGWCCkPqUTaB4i7YoIrY=","2dH+V4WJwcgOZaiLw2e61uPTGWCCkPqUTaB4i7YoIrY=","2dH+V4WJwcgOZaiLw2e61uPTGWCCkPqUTaB4i7YoIrY=","","","","1","16","2017-08-30","zh-cn"
"902788179459276800","Jackson","r8qH41kwOK9p9Ej","","","","0","36","2017-08-30","zh-cn"
"FWE41OnopBB5h3unPH3s3XBA3t3zEuROlhnEue2H8cE=","FWE41OnopBB5h3unPH3s3XBA3t3zEuROlhnEue2H8cE=","FWE41OnopBB5h3unPH3s3XBA3t3zEuROlhnEue2H8cE=","","","","75","591","2017-06-17","zh-cn"
"8481fyoFVAwTrYHhrvt3nDvS4MpPKqwX9dcyGzrYQ=","8481fyoFVAwTrYHhrvt3nDvS4MpPKqwX9dcyGzrYQ=","8481fyoFVAwTrYHhrvt3nDvS4MpPKqwX9dcyGzrYQ=","","","","1","35","2017-08-18","zh-cn"
"0fXnLDeFG54ElVQbNh1vdO2c5oF8xW3pYuEVG8HNDM=","0fXnLDeFG54ElVQbNh1vdO2c5oF8xW3pYuEVG8HNDM=","0fXnLDeFG54ElVQbNh1vdO2c5oF8xW3pYuEVG8HNDM=","","","","1","68","2017-08-30","zh-cn"
"srYbMEaGLGlpw0K8OumGM4zoURjHaR9+gxs6xxsX14=","srYbMEaGLGlpw0K8OumGM4zoURjHaR9+gxs6xxsX14=","srYbMEaGLGlpw0K8OumGM4zoURjHaR9+gxs6xxsX14=","","","","7","46","2017-10-11","zh-cn"
"1312913792","Hodgdon","Loretarevjwltd","","","","0","0","2013-03-29","en"
"898581524865589248","ÁáïÂ≠ê","syDhBAiA8Jauklp","","","","0","33","2017-08-18","zh-cn"
"747323069790773248","MyOne","evseevvalerii11","","Pentagon One","","12697","6","2016-06-27","zh-cn"
"920830166523195392","Sobea51Eohew","Sobea51Eohew","","","","16660","34","2017-10-19","zh-cn"
"937481445781602304","Èôå‰∏äÈÄ¢","zP6rUU5r0waGJ2j","","","","0","47","2017-12-04","zh-cn"
"1072314869993488384","ÊùéÂÖ∞Ê¨£","N50zAaIY7cZ90kp","","","","0","4","2018-12-11","en"
"EW5PrWO0IBLP+fYBlYXk7hA3Hi6XCjsl8d6mPh4X3kc=","EW5PrWO0IBLP+fYBlYXk7hA3Hi6XCjsl8d6mPh4X3kc=","EW5PrWO0IBLP+fYBlYXk7hA3Hi6XCjsl8d6mPh4X3kc=","Delaware, USA","football.do you like ball ?","","2","57","2017-11-08","en"
"8A5FFPKa0pu9u3zCzgQhAoASnzF4Xwpp4UTFpnDoo=","8A5FFPKa0pu9u3zCzgQhAoASnzF4Xwpp4UTFpnDoo=","8A5FFPKa0pu9u3zCzgQhAoASnzF4Xwpp4UTFpnDoo=","","","","1","73","2017-10-11","zh-cn"
"1017841240597905408","Bathsheba","Oq6wF9GPScFsbip","","","","0","6","2018-07-13","zh-cn"
"918707775970058241","ailsa521521","asdrit123","","","","0","0","2017-10-13","zh-cn"
"XP5n7l80Iqp01od9NGyq0haVnoXA3mLFB+cooV48Tt4=","XP5n7l80Iqp01od9NGyq0haVnoXA3mLFB+cooV48Tt4=","XP5n7l80Iqp01od9NGyq0haVnoXA3mLFB+cooV48Tt4=","","","","6","69","2017-10-08","zh-cn"
"363345298","emiliya naum","emiliya_naum","","emiliya naum","","17562","9050","2011-08-27","en"
"902777994829336576","William","gHk39king","","","","39047","15","2017-08-30","zh-cn"
"9BjRs2fwA0ZI7+XDZ7am8ybzCzZPXifEIWzv1K4kLY=","9BjRs2fwA0ZI7+XDZ7am8ybzCzZPXifEIWzv1K4kLY=","9BjRs2fwA0ZI7+XDZ7am8ybzCzZPXifEIWzv1K4kLY=","","","","37","48","2017-08-19","zh-cn"
"1100678077451952128","Â¢®ÊüìÈî¶Âπ¥","jackson80017","","","","0","0","2019-02-27","zh-cn"
"4643144382","ÂæêÂß£","i28468404206241","","","","25627","32","2015-12-24","zh-cn"
"hnBl5WAnHo5g31wKEQPi1+VsnpxxI9StavNrDOqklg=","hnBl5WAnHo5g31wKEQPi1+VsnpxxI9StavNrDOqklg=","hnBl5WAnHo5g31wKEQPi1+VsnpxxI9StavNrDOqklg=","","","","3","27","2017-11-02","zh-cn"
"g6GSrH2N5p8jvTWyt5ZrmzRX1r4q9b2vmVGbkoAUaCM=","g6GSrH2N5p8jvTWyt5ZrmzRX1r4q9b2vmVGbkoAUaCM=","g6GSrH2N5p8jvTWyt5ZrmzRX1r4q9b2vmVGbkoAUaCM=","","","","3","21","2018-01-23","zh-cn"
"747333393122136064","Arizona Muse --tony","romulustinov191","","","","12755","80","2016-06-27","zh-cn"
"898577880640352256","Âº†ËôπËØ∫ÈÇ¢","AVsD7cQY60h0fNG","","","","0","33","2017-08-18","zh-cn"
"oOflfxvA6c2egaWDb4XgAc8+cie9OfJ3ZcYgpcjN0=","oOflfxvA6c2egaWDb4XgAc8+cie9OfJ3ZcYgpcjN0=","oOflfxvA6c2egaWDb4XgAc8+cie9OfJ3ZcYgpcjN0=","","","","2","5","2017-08-30","zh-cn"
"1614047696","Â∞èÂåó","timcaponigd","","timcaponigd","","14193","2084","2013-07-23","en"
"917021041012232193","rudelion","galinaorlova125","","","","17640","10","2017-10-08","zh-cn"
"1017843312785547264","fgdfgfdfg","nikXSL9DKeoXucS","","","","0","109","2018-07-13","en"
"745784197617430528","liuh","borisisakovdiar","","dulala","","41844","155","2016-06-23","zh-cn"
"0w+cEGozTuiVJ34BQ6ozQJlozFPaNjDapbae9RKw0w=","0w+cEGozTuiVJ34BQ6ozQJlozFPaNjDapbae9RKw0w=","0w+cEGozTuiVJ34BQ6ozQJlozFPaNjDapbae9RKw0w=","","","","1","22","2017-08-30","zh-cn"
"7lx09UkfLQ9VhHAb5KHsSg1tZ4lif1UaEtW5f2OZkU=","7lx09UkfLQ9VhHAb5KHsSg1tZ4lif1UaEtW5f2OZkU=","7lx09UkfLQ9VhHAb5KHsSg1tZ4lif1UaEtW5f2OZkU=","","","","477","222","2009-04-19","zh-cn"
"898580789952118784","Èõ™Ëäô","Ryy7v3wQkXnsGO8","","","","0","24","2017-08-18","zh-cn"
"yUsuIwmqqWTFryFnM7NC7BdEO6OWWlwP497S23eNQYA=","yUsuIwmqqWTFryFnM7NC7BdEO6OWWlwP497S23eNQYA=","yUsuIwmqqWTFryFnM7NC7BdEO6OWWlwP497S23eNQYA=","","","","1","18","2017-11-02","ru"
"917114092074172416","È∏üÂ≤õ","Eremin1044Slava","","","","0","1","2017-10-08","zh-cn"
"929084734960844800","Ê∞îÂú∫Ë∂≥","lujunhelei58","","","","0","0","2017-11-10","zh-cn"
"461167049","Âç¢Â≠êÁé≤","vladimerbagz","United States","vladimer bagz","","28072","167","2012-01-11","zh-CN"
"898511323503480832","ÁéãÂø†","xyhxdfdrbbhnJjY","","","","0","31","2017-08-18","zh-cn"
"747310789099290624","Êù∞‰πãÂºãÂÖâ","revmirsemenov","","","","57103","85","2016-06-27","zh-cn"
"9lbB7JCyWksaZ8i9JNkTeO5mLPdfDpkvad1P61HSi8=","9lbB7JCyWksaZ8i9JNkTeO5mLPdfDpkvad1P61HSi8=","9lbB7JCyWksaZ8i9JNkTeO5mLPdfDpkvad1P61HSi8=","","","","1","23","2017-08-18","zh-cn"
"898516934186217473","Âê¥‰∏∫","QGsg33N30LbRzYw","","","","0","33","2017-08-18","zh-cn"
"747274556994392064","linlin","fommying","","","","53238","365","2016-06-27","zh-cn"
"898577738382155776","ÂçìËëóÊó∂Âå∫","6mxJ3t9z2DbH4Wo","","","","0","33","2017-08-18","zh-cn"
"QGOy1nBHkiSTD6NE3nXEyZiIjALmZzv1Fmb9rWCN+Q8=","QGOy1nBHkiSTD6NE3nXEyZiIjALmZzv1Fmb9rWCN+Q8=","QGOy1nBHkiSTD6NE3nXEyZiIjALmZzv1Fmb9rWCN+Q8=","","","","7","35","2016-10-24","zh-cn"
"XzHowwDQl8O0rjrodxUPLzsBSk3tUWPkmbBSQwohhp4=","XzHowwDQl8O0rjrodxUPLzsBSk3tUWPkmbBSQwohhp4=","XzHowwDQl8O0rjrodxUPLzsBSk3tUWPkmbBSQwohhp4=","","","","5","17","2017-08-19","zh-cn"
"7WxYnCf3SqQWYF1HbpI7Z3WTzjqFBGNUQuqdQq1AE6M=","7WxYnCf3SqQWYF1HbpI7Z3WTzjqFBGNUQuqdQq1AE6M=","7WxYnCf3SqQWYF1HbpI7Z3WTzjqFBGNUQuqdQq1AE6M=","","","","6","34","2017-08-30","zh-cn"
"SBuO1wiKtQZBsS+hwKlTuHZwg0UlYNCtM57mzHiBZg=","SBuO1wiKtQZBsS+hwKlTuHZwg0UlYNCtM57mzHiBZg=","SBuO1wiKtQZBsS+hwKlTuHZwg0UlYNCtM57mzHiBZg=","","","","2","8","2017-11-05","zh-cn"
"745894860213878785","‰Ω†ÁöÑÊúãÂèã","belousovasofiy2","","HELLOÔºåI'm  sorry~~~","","63602","10","2016-06-23","zh-cn"
"1017846028836278273","–ü–∞–ø–∞ –†–∏—Ç—ã","nazarov_1111","","","","0","0","2018-07-13","ru"
"4Ku2lWnXpk4lnFHETcAu7lnSjBMvIC7PY9q551lgVuA=","4Ku2lWnXpk4lnFHETcAu7lnSjBMvIC7PY9q551lgVuA=","4Ku2lWnXpk4lnFHETcAu7lnSjBMvIC7PY9q551lgVuA=","","","","3","104","2017-11-02","zh-cn"
"886933306599776257","lingmoms","lingmoms","Las Vegas, NV","lingmoms","","19146","3428","2017-07-17","zh-cn"
"2230431068","Â∞ëÂçó","gdvcgsfsg","Oak Park, IL","mawh5fors","","12104","12983","2013-12-04","en"
"902783630526832640","Taylor","J02T8G3CnNTTc2O","","","","0","26","2017-08-30","zh-cn"
"1063122753392439296","zhanghao","NIMETwHrOYHped1","Moscow, Russia","–ß—Ç–æ –∑–∞—Å—Ç–∞–≤–∏–ª–æ –ø–∞—Ä–Ω—è –ø—É—Å–∫–∞—Ç—å —Å–ª—é–Ω–∏? –ß–µ–π–∑, —Ç—ã —Ä–∞–∑–≥—É–ª–∏–≤–∞–ª –≤ –∫–æ—Ä–æ—Ç–∫–∏—Ö —à–æ—Ä—Ç–∏–∫–∞—Ö?","","0","0","2018-11-15","zh-cn"
"902782176579784704","Scott","ssllJSgGuvkZr8n","","","","0","32","2017-08-30","zh-cn"
"915089404183568384","RELATIONSHIP‚ô°‚ô°","fdvsgxgs","Indiana, PA","There is no love without forgiveness, and there is no forgiveness without love.‚ô°‚ô°","","21333","22659","2017-10-03","zh-cn"
"513628769","kasandra","kasandra6qvan","Oak Park, IL","kasandra6qvan","","55013","33","2012-03-03","zh-cn"
"fIyORv7YoGuwMyxiq8EHiP4FdVpbq4I+gSRN+pzrw9U=","fIyORv7YoGuwMyxiq8EHiP4FdVpbq4I+gSRN+pzrw9U=","fIyORv7YoGuwMyxiq8EHiP4FdVpbq4I+gSRN+pzrw9U=","","","","2","51","2017-08-30","zh-cn"
"58615166","ÊµÅÈáëÂ≤ÅÊúà","Licuwangxiaoyua","USA","Licu","","13915","13081","2009-07-20","zh-cn"
"898578790342942721","ÊùéÁëûËôû","JognsgiekvORVPO","","","","0","26","2017-08-18","ru"
"1124196497787109376","Jasmin Whatley","JasminWhatley2","","","","0","0","2019-05-03","en"
"GZu4cpGm9Cypnsg7GLYGY9RrjpQQzQdcgv+4x1cuHgk=","GZu4cpGm9Cypnsg7GLYGY9RrjpQQzQdcgv+4x1cuHgk=","GZu4cpGm9Cypnsg7GLYGY9RrjpQQzQdcgv+4x1cuHgk=","","","","2","2","2017-10-29","zh-cn"
"431607682","Contsper","contsperpo","KA","Contsper 2009","","11852","35","2011-12-08","zh-cn"
"KXfVtsA0uukWKtavcGYkIbawZnpLq9qBkK+6LUsKjJ8=","KXfVtsA0uukWKtavcGYkIbawZnpLq9qBkK+6LUsKjJ8=","KXfVtsA0uukWKtavcGYkIbawZnpLq9qBkK+6LUsKjJ8=","","","","2","85","2017-08-18","zh-cn"
"OtEX7R8PA7TMOdnpC88p6Ju6swYJtNNyxOU0ER0sVc=","OtEX7R8PA7TMOdnpC88p6Ju6swYJtNNyxOU0ER0sVc=","OtEX7R8PA7TMOdnpC88p6Ju6swYJtNNyxOU0ER0sVc=","","","","1","17","2017-08-18","zh-cn"
"dBpftosZAxowVXJX8Gp2WVhexH7aNL6oNLxnTcWnv0=","dBpftosZAxowVXJX8Gp2WVhexH7aNL6oNLxnTcWnv0=","dBpftosZAxowVXJX8Gp2WVhexH7aNL6oNLxnTcWnv0=","","","","5","47","2017-08-30","zh-cn"
"1224838092","Donetta Alton","AltonursDonetta","","","","0","0","2013-02-27","en"
"t6nmRerccBChSY9kGfYU7U0Eio5klW21DseCjCChfRU=","t6nmRerccBChSY9kGfYU7U0Eio5klW21DseCjCChfRU=","t6nmRerccBChSY9kGfYU7U0Eio5klW21DseCjCChfRU=","","","","5","6","2013-03-18","zh-cn"
"902780894087393280","Brooke","LXKupu7LfGh0QNt","","","","0","41","2017-08-30","zh-cn"
"902787235157864448","JANE","k8NkKN7pb9SKSjT","","","","0","47","2017-08-30","zh-cn"
"W663pcmGl8x4PHMQh94WeBNhXJZOQc0YRq1xzQzleZg=","W663pcmGl8x4PHMQh94WeBNhXJZOQc0YRq1xzQzleZg=","W663pcmGl8x4PHMQh94WeBNhXJZOQc0YRq1xzQzleZg=","","","","21","75","2017-09-19","zh-cn"
"902818641288323072","Ëñ∞Ë°£Ëçâ","WKqF8S3u2puedO5","","","","0","63","2017-08-30","zh-cn"
"VBcCNeJapnsdITpjohHmAXjyfzRmZHxmcmRZUII4D5Y=","VBcCNeJapnsdITpjohHmAXjyfzRmZHxmcmRZUII4D5Y=","VBcCNeJapnsdITpjohHmAXjyfzRmZHxmcmRZUII4D5Y=","","","","20","13","2011-11-09","zh-cn"
"4130978244","È∫¶Â≠ê","feikebeiqiaoshi","","","","0","1","2015-11-05","zh-cn"
"zlBsqsP0I63a97mRJ3HBZ6C8HR+cc7Tsli5CCinDgQA=","zlBsqsP0I63a97mRJ3HBZ6C8HR+cc7Tsli5CCinDgQA=","zlBsqsP0I63a97mRJ3HBZ6C8HR+cc7Tsli5CCinDgQA=","China beijing","","","3","761","2015-11-27","en"
"4641912672","Âîê„ÄÄÂº∫„ÄÄÁî∑145","n28406284062486","","","","12717","45","2015-12-24","zh-cn"
"902818072947556352","Âàò‰∏âÊòé","dw2HzD9ZFhg0ZcX","","","","0","32","2017-08-30","zh-cn"
"891009951891685376","Â≠ôÊôìÁé•","laOaEQuf0oRUC0h","","","","0","22","2017-07-28","zh-cn"
"902855097008496646","gywhdxh","ISfVQ1b1vwAK9IP","","","","64398","72","2017-08-30","zh-cn"
"924282716970995713","Á∫¢Ê≤≥","dashapetrova453","","","","0","4","2017-10-28","zh-cn"
"1018759853156720642","cobiajoydon1","cobiajoydon11","","","","0","0","2018-07-16","en"
"916975232048685059","ÊùéÈªò","katiushaegorov2","ÊµôÊ±ü, ‰∏≠Âçé‰∫∫Ê∞ëÂÖ±ÂíåÂõΩ","ÁÉ≠ÊÉÖ„ÄÅÂñÑËâØ„ÄÅËá™Âæã„ÄÅÂèãÂ•ΩÔºåÂñúÁà±Èü≥‰πêÔºåÂñúÁà±ËØª‰π¶ÔºåÂñúÁà±Ë∂≥ÁêÉÔºåÂñúÁà±ÊóÖÊ∏∏‚Ä¶‚Ä¶","https://t.co/bnT7P3Cky1","17495","124","2017-10-08","zh-cn"
"8ZXcNhWpYKw9MJRxxmuloUG+Dxn23RxBzFZTYa3c=","8ZXcNhWpYKw9MJRxxmuloUG+Dxn23RxBzFZTYa3c=","8ZXcNhWpYKw9MJRxxmuloUG+Dxn23RxBzFZTYa3c=","È¶ôÊ∏Ø","ÁØÆÁêÉÁãÇÁÉ≠Áà±Â•ΩËÄÖ","","1","11","2013-03-29","en"
"260536895","Áéã Ê∂õ","motor0529","","Ê∞ëÂØåÂàôÂõΩÂº∫ÔºåÂ§©Ëµã‰∫∫ÊùÉÔºåÊó†‰∫∫ËÉΩÂ§∫ÔºÅ","","105754","374","2011-03-04","zh-cn"
"1071957205992304640","SandyMarchant71729","marchant71729","West Chicago, IL","Social media fanatic. Incurable coffee evangelist. Beer trailblazer. Freelance food maven.","","0","0","2018-12-10","en"
"60885114","Exkaopre","exkaopreso","USA","Exkaopre World","","15783","13146","2009-07-28","en"
"2457206888","ÁéãÂ§öÈ±º","wangduoyu121","San Francisco, USA","Little fans of @Paramore and @officialJKT48 , Juventus and Persib is my blood! #ForzaJuve #Persibday | Line: edowildan","https://t.co/HOUsoTZFZN","66675","44","2014-04-21","en"
"892887318310375425","‰∫öÂäõÂ±±Â§ß","aleksandrsaito4","–¢—é–º–µ–Ω—å, –†–æ—Å—Å–∏—è","–Ø –¥–æ–ª–∂–µ–Ω –±—ã—Ç—å –∞–Ω–≥–µ–ª–æ–º, –µ—Å–ª–∏ —Ç–æ–ª—å–∫–æ —è —Ö–æ—á—É –∂–∏—Ç—å: –≤—ã –∂–µ –∂–∏–≤–µ—Ç–µ –≤ –¥—Ä—É–≥–∏—Ö —É—Å–ª–æ–≤–∏—è—Ö.","https://t.co/ssPusvGh1r","21127","0","2017-08-02","zh-cn"
"746829685540143104","Randxr","randxr89c","USA","Randxr Social Engine","","22299","9650","2016-06-25","en"
"150744097","ËììÂòâ","benjaminkudla39","North Carolina, USA","","","170155","50","2010-06-01","zh-cn"
"r5+chRZaM+WoBRaXkUy5VvVeZGCZRZYLlvodEzUc1bk=","r5+chRZaM+WoBRaXkUy5VvVeZGCZRZYLlvodEzUc1bk=","r5+chRZaM+WoBRaXkUy5VvVeZGCZRZYLlvodEzUc1bk=","","","","2","117","2017-10-16","zh-cn"
"898585306429108226","Áéõ‰∏ΩÈ£û","te8YU6U69Fd39y0","","","","0","41","2017-08-18","zh-cn"
"105936240","Thaksin Shinawatra","Thaksinvoice","Thailand","Cheerman of the Buffaloes Burning From Foreign and the longest-serving dumbasscratic-elected Prime Minister of Terrorist.","","12059","9","2010-01-18","zh-cn"
"902786225534328833","Sam","oyhcOEYAENoPUbm","","","","0","22","2017-08-30","zh-cn"
"34649696","ÂáØ","kaiking89","California, USA","fighting","","14627","13126","2009-04-23","zh-cn"
"831229581138997248","jerrodnoel2sx0","jerrodnoel2sx0","Chicago, IL","üòäüòä","","24169","3060","2017-02-13","zh-cn"
"4tsFPHTm3cjMpiu2mvVFRSS1iUpJYTorVZoJFk1s2E=","4tsFPHTm3cjMpiu2mvVFRSS1iUpJYTorVZoJFk1s2E=","4tsFPHTm3cjMpiu2mvVFRSS1iUpJYTorVZoJFk1s2E=","","","","1","37","2017-08-18","zh-cn"
"898580380139343872","ÊùéËâ∫","ysvsggoKiNR3KZH","","","","0","27","2017-08-18","zh-cn"
"TY1LtMsCqKwKe6PNaT6sVTakQsEpYB8mxsyveXhkP4w=","TY1LtMsCqKwKe6PNaT6sVTakQsEpYB8mxsyveXhkP4w=","TY1LtMsCqKwKe6PNaT6sVTakQsEpYB8mxsyveXhkP4w=","","","","38","64","2017-08-19","zh-cn"
"920524332622925825","ÈÇìÈõÖÂÄ©","Aoben21Wohej","Atlantic City, NJ","ü§õü§õüôèüôèü§¢","","16609","61","2017-10-18","zh-cn"
"2824137700","jarid gaming","pfehunleade","","","","9253","503","2014-10-12","zh-cn"
"756322301931556864","ÁÉü‰∫ë","belousov_rustem","","","","26091","35","2016-07-22","zh-cn"
"898518608606875648","ËÄêÂÖã","1JdLgwx4zmh73lQ","","","","0","29","2017-08-18","zh-cn"
"5jMCnbyAKed38xHfZ9s5ZU7yABXGbptPwYruTsd8E4=","5jMCnbyAKed38xHfZ9s5ZU7yABXGbptPwYruTsd8E4=","5jMCnbyAKed38xHfZ9s5ZU7yABXGbptPwYruTsd8E4=","","","","1","33","2017-08-18","zh-cn"
"979836488333611008","–°–≤–µ—Ç–∞ –ö–æ—Ä–æ—Ç–∫–æ–≤–∞","zmIAS4GnkBFhVCr","","","","11144","4","2018-03-30","ru"
"718766229700227072","Êò•Â§©Èáå","RanvijaySowle","Portland, OR","Ranvijay Sowle","","10895","13650","2016-04-09","zh-cn"
"1057571532074037248","titans","Fgavzl","Queens, NY","","","12240","12204","2018-10-31","zh-cn"
"YDxyP+JvexHFqMCslTguFqrrEE+T8CmgrwIw6uAaFf8=","YDxyP+JvexHFqMCslTguFqrrEE+T8CmgrwIw6uAaFf8=","YDxyP+JvexHFqMCslTguFqrrEE+T8CmgrwIw6uAaFf8=","","","","5","60","2015-10-11","en"
"374784119","Stining hank","sunt1uli","United States","sunt1uli","","12765","1788","2011-09-16","zh-cn"
"898510883181252608","ÁéãÊµ∑","zChyQXXq1eSlYGA","","","","0","39","2017-08-18","zh-cn"
"+T7y2f4uoN8uwGO1NjnfQHYIdBHA29tp7mKrE2z0to=","+T7y2f4uoN8uwGO1NjnfQHYIdBHA29tp7mKrE2z0to=","+T7y2f4uoN8uwGO1NjnfQHYIdBHA29tp7mKrE2z0to=","","","","1","52","2017-08-30","zh-cn"
"902799838802313216","Adonis","gnpabZMTF1uwcVZ","","","","0","41","2017-08-30","zh-cn"
"rcFw2Ohsq82VLNh860cfOJKfa8mHwUaw5ALsALGRw0=","rcFw2Ohsq82VLNh860cfOJKfa8mHwUaw5ALsALGRw0=","rcFw2Ohsq82VLNh860cfOJKfa8mHwUaw5ALsALGRw0=","","","","1","41","2017-08-18","zh-cn"
"2705083230","Êú®Â∑ùMuChum","12muchum","Kyoto-fu, Japan","üìç Photographer based in Nanjing, China. DM for üì©12muchum@gmail.com ‚óæÔ∏èMore Info on https://t.co/J7XvGpTvsy ‚óæÔ∏èInstagram: chum_mu","https://t.co/v74laMGUNO","28156","97","2014-08-03","zh-CN"
"bAsUEA60y+5Fyqlnl618i0PetfsaR1BeA6O5bFacLU=","bAsUEA60y+5Fyqlnl618i0PetfsaR1BeA6O5bFacLU=","bAsUEA60y+5Fyqlnl618i0PetfsaR1BeA6O5bFacLU=","","Love Is Life ^^","","22","24","2015-02-08","en"
"1032354268253024256","ÊúâÁöÑÂ•ΩÂ§ö‰∏™","TTgbvx","New York, USA","","","9971","11278","2018-08-22","zh-cn"
"1085559871616049152","Ethan","Ethan71140528","","","","0","3","2019-01-16","en"
"920093586904924161","Á∫¢Ê®±Ê°É","Yobev81Bohej","","","","17950","9","2017-10-17","zh-cn"
"L5OjLe+lUW+gJM2eyhAhkjh52JaVHd1WdubykH4cRM=","L5OjLe+lUW+gJM2eyhAhkjh52JaVHd1WdubykH4cRM=","L5OjLe+lUW+gJM2eyhAhkjh52JaVHd1WdubykH4cRM=","","","","3","52","2017-08-30","zh-cn"
"902800324615856129","Aldrich","iYPpt03tS5mwbhc","","","","0","61","2017-08-30","zh-cn"
"ppCmlgZwHcrVFL0mueifPYfwlI6Isl1tCdxjglokI0=","ppCmlgZwHcrVFL0mueifPYfwlI6Isl1tCdxjglokI0=","ppCmlgZwHcrVFL0mueifPYfwlI6Isl1tCdxjglokI0=","","","","7","54","2016-04-15","en"
"Qhm9ltBFLGcfS1dUrioNNLJzIKnHlfYTBGnvc4e49RI=","Qhm9ltBFLGcfS1dUrioNNLJzIKnHlfYTBGnvc4e49RI=","Qhm9ltBFLGcfS1dUrioNNLJzIKnHlfYTBGnvc4e49RI=","","","","4","62","2017-10-24","zh-CN"
"XBUuTj1lqtuZPhiagZVmraxY0bcVDZSyG4dYdNcb9ss=","XBUuTj1lqtuZPhiagZVmraxY0bcVDZSyG4dYdNcb9ss=","XBUuTj1lqtuZPhiagZVmraxY0bcVDZSyG4dYdNcb9ss=","","","","6","66","2017-10-17","zh-cn"
"213459414","Tiotincta","tiotinctasi","MA","Tiotincta Business","","14694","12192","2010-11-09","zh-cn"
"OGJHxWo1EkGP0YHTT+Rcjp9sDiut92h2hbPXZJ8RYWU=","OGJHxWo1EkGP0YHTT+Rcjp9sDiut92h2hbPXZJ8RYWU=","OGJHxWo1EkGP0YHTT+Rcjp9sDiut92h2hbPXZJ8RYWU=","Madrid","Decubre lo que las aseguradoras no te revelan.....","http://t.co/L5CG706v","288","870","2012-12-12","es"
"wSVfykges2UK7q4r3qI7ug0KUCq6ZW22ub5Dv94A6M=","wSVfykges2UK7q4r3qI7ug0KUCq6ZW22ub5Dv94A6M=","wSVfykges2UK7q4r3qI7ug0KUCq6ZW22ub5Dv94A6M=","","","","2","160","2019-04-28","zh-cn"
"cyLmawcRkWgIalb5nXpWaB1Q92XrcWA0t1NSABUqF4w=","cyLmawcRkWgIalb5nXpWaB1Q92XrcWA0t1NSABUqF4w=","cyLmawcRkWgIalb5nXpWaB1Q92XrcWA0t1NSABUqF4w=","","","","1","49","2017-08-18","zh-cn"
"0jDKUXmrsvMu6OhHGrnACplrKC5Oqj1KE0x8m37dYNY=","0jDKUXmrsvMu6OhHGrnACplrKC5Oqj1KE0x8m37dYNY=","0jDKUXmrsvMu6OhHGrnACplrKC5Oqj1KE0x8m37dYNY=","","","","1","46","2017-08-18","zh-cn"
"CSxZyQM4t8olR2IEXhgAnqe8zFnQO8VSJ4L95VprBU=","CSxZyQM4t8olR2IEXhgAnqe8zFnQO8VSJ4L95VprBU=","CSxZyQM4t8olR2IEXhgAnqe8zFnQO8VSJ4L95VprBU=","","","","7","58","2017-10-08","zh-cn"
"2YO4VmgXJcmIoRFcHhKJ+nEXkRLis6VeXpI8Pc6+5xo=","2YO4VmgXJcmIoRFcHhKJ+nEXkRLis6VeXpI8Pc6+5xo=","2YO4VmgXJcmIoRFcHhKJ+nEXkRLis6VeXpI8Pc6+5xo=","","","","1","45","2017-08-30","zh-cn"
"+o9h32dOX2L8AbvB0rdM+j8FcHVaNNcwKMZWJn49tUE=","+o9h32dOX2L8AbvB0rdM+j8FcHVaNNcwKMZWJn49tUE=","+o9h32dOX2L8AbvB0rdM+j8FcHVaNNcwKMZWJn49tUE=","","","","1","58","2017-08-30","zh-cn"
"t5yIs+BoU2yMfwDGdbYBzlTxnuBuxeFQvJGKMZQ5CY=","t5yIs+BoU2yMfwDGdbYBzlTxnuBuxeFQvJGKMZQ5CY=","t5yIs+BoU2yMfwDGdbYBzlTxnuBuxeFQvJGKMZQ5CY=","","","","3","29","2017-08-18","zh-cn"
"dNk7M2sdlWZs9AouMRdKXSvSJmNy7YaLP+a4Mere1jY=","dNk7M2sdlWZs9AouMRdKXSvSJmNy7YaLP+a4Mere1jY=","dNk7M2sdlWZs9AouMRdKXSvSJmNy7YaLP+a4Mere1jY=","","","","44","73","2017-08-19","zh-cn"
"924437905577299968","ÈòøÂä†Ë•ø","svetlanaiakupo2","","","","0","0","2017-10-29","zh-cn"
"1631177898","ÁôΩËâ≤ÁöÑËÄÅÈº†","nowokshonow","West Hollywood, CA","","","12941","90","2013-07-29","zh-cn"
"756321354539003908","ËíôÂ®ú‰∏ΩËéé","isaevantuan","","","","25714","28","2016-07-22","zh-tw"
"902817852000002048","ÈªÑÂ∏Ö","YvZvxaqVlJ3h6X5","","","","0","40","2017-08-30","zh-cn"
"979181147686035456","Èõ®Ëù∂","mH6OwMaYxK33tpT","","","","69659","6","2018-03-29","zh-cn"
"747745305886625792","Â∞èÂ∞èÈõ®Ëä±Áü≥","Alla20499513","","","","0","6","2016-06-28","zh-cn"
"891010232167653376","Âá§‰ªôËä±","RMTQlg6JhGecY9O","","","","0","23","2017-07-28","zh-cn"
"1124389656823570432","Addie Pickersgill","AddiePickersgi1","","","","0","0","2019-05-03","en"
"1085770233774632960","Bridget Jim","BridgetJim4","","","","0","0","2019-01-17","zh-cn"
"iImZZDnNc6o6KVy8Ps9iPdVHvQMfDSbN0eNagUcXG0=","iImZZDnNc6o6KVy8Ps9iPdVHvQMfDSbN0eNagUcXG0=","iImZZDnNc6o6KVy8Ps9iPdVHvQMfDSbN0eNagUcXG0=","Limousin, France","Vivre chaque jour pleinement comme si c'√©tait le dernier et ne pas se prendre la t√™te pour des futilit√©s !","","6","93","2016-10-18","en"
"VPaInFw40iTYZKtQB7oKC5XplcLCzQKwcCPvOblTFY=","VPaInFw40iTYZKtQB7oKC5XplcLCzQKwcCPvOblTFY=","VPaInFw40iTYZKtQB7oKC5XplcLCzQKwcCPvOblTFY=","","","","1","51","2017-08-30","zh-cn"
"747324758958604288","ÂÖÆËªì","revmirlapin","","","","24071","21","2016-06-27","zh-cn"
"620912741","Êõ≤ÂâëÊòé","qujianming1","Á∫ΩÁ∫¶Â∏ÉÊúóÂÖãÊñØ","‰∏Ä‰∏™Âõ†Ë®ÄËé∑ÁΩ™ÁöÑÊµÅÊµ™ËÄÖÔºåÊàëÂùö‰ø°ÂÖâÊòé‰∏ÄÂÆö‰ºöÂà∞Êù•„ÄÇ","","28405","24079","2012-06-28","zh-cn"
"747309343624704000","ÂìÅÂàáÈ™ë","kotovaninel89","","ÂØπ‰ªª‰ΩïÁæé‰∏ΩÁöÑ‰∫∫Âíå‰∫ãÁâ©ÈÉΩÊ≤°ÊúâÊäµÊäóÂäõ","","52097","55","2016-06-27","zh-cn"
"YB+TntaRyEOpfTYPoxjK2iBBAG0uX9glWGE1Ao+Fw0=","YB+TntaRyEOpfTYPoxjK2iBBAG0uX9glWGE1Ao+Fw0=","YB+TntaRyEOpfTYPoxjK2iBBAG0uX9glWGE1Ao+Fw0=","","","","2","3","2018-10-10","zh-cn"
"747307992018628610","rodion","rodionovaavgus4","","","","51666","21","2016-06-27","zh-cn"
"898583664644194304","Â§ßÂ§ß","79DgZOdl3c3CBli","","","","0","41","2017-08-18","zh-cn"
"902780729414885376","Dean","vHNC2VpN1akpSHy","","","","0","7","2017-08-30","zh-cn"
"898582384295247875","Êú®Â≠ê","TagebspEVsGcOkT","","","","0","26","2017-08-18","zh-cn"
"902783079739252736","Shera","eEUViZPDTh19fhn","","","","0","35","2017-08-30","zh-cn"
"747289213192679424","vergiliiveselo1","vergiliiveselo1","","","","23737","40","2016-06-27","zh-cn"
"m7615eOlc1ipGhMqSQwhp1rQJvpYYYgpQ4zH6rFPbo=","m7615eOlc1ipGhMqSQwhp1rQJvpYYYgpQ4zH6rFPbo=","m7615eOlc1ipGhMqSQwhp1rQJvpYYYgpQ4zH6rFPbo=","Ê≤πÂ∞ñÊó∫, È¶ôÊ∏Ø","","","3","77","2018-02-23","zh-cn"
"77769365","UJHUHG","FACZDcz","Pennsylvania, USA","Ëâ≥Èò≥Â§©","","20414","11165","2009-09-27","zh-cn"
"898510667044487168","cicida","5ST8qk0yEa2NM9R","","","","0","34","2017-08-18","ru"
"qTL+dMgpDmsOSD37podXB3PhBQoI35EUDVw6CPWo=","qTL+dMgpDmsOSD37podXB3PhBQoI35EUDVw6CPWo=","qTL+dMgpDmsOSD37podXB3PhBQoI35EUDVw6CPWo=","","","","1","2","2017-08-16","zh-cn"
"e7NU0+z7PopcH79Yg++htske2Ke5RBcNSLfDkyhhFVw=","e7NU0+z7PopcH79Yg++htske2Ke5RBcNSLfDkyhhFVw=","e7NU0+z7PopcH79Yg++htske2Ke5RBcNSLfDkyhhFVw=","Melilla","Lo que las aseguradoras no te cuentan....","http://t.co/0Ipz4ZBw","157","509","2012-12-14","es"
"262149780","Ïú§ÎØ∏Ïó∞","redfearnemer","Ïö©Ïù∏","83ÎÖÑÏÉùÏù¥Íµ¨Ïó¨~
Í≤∞Ìòº1ÎÖÑÏ∞® Ï£ºÎ∂ÄÏóêÏöî„Öã","","17861","118","2011-03-07","zh-cn"
"17480774","lapliniro1988","lapliniro1988","Stokdijkhof, Westland","lapliniro1988","","22548","660","2008-11-19","zh-cn"
"912171517076807680","ÈáëÈí•Âåô","oksananikolenk5","","","","0","2","2017-09-25","zh-cn"
"fIZMJhYbZUN2zilwS2RzJh6ebtNUY3rzIw9W8ADMX8=","fIZMJhYbZUN2zilwS2RzJh6ebtNUY3rzIw9W8ADMX8=","fIZMJhYbZUN2zilwS2RzJh6ebtNUY3rzIw9W8ADMX8=","","sou um garoto  muito   legal extrovertido  de  bem  com a  vida e  procuro sempre  fazer  novas amizades !","","145","1023","2012-04-16","zh-cn"
"902781700886982656","Richard","smGSQe4718gA2S0","","","","0","39","2017-08-30","zh-cn"
"769790067183190016","Èòø‰∏ΩÊú®Áê¥","SamanthxBerg","","ÊàëÊòØ‰∏Ä‰∏™Â∞èÂ∞èÁöÑÁü≥Â§¥","","13468","14606","2016-08-28","zh-CN"
"b1vLdYkGSmKWl3id22eghOHQEwdg45V7t4ANNHdsyy4=","b1vLdYkGSmKWl3id22eghOHQEwdg45V7t4ANNHdsyy4=","b1vLdYkGSmKWl3id22eghOHQEwdg45V7t4ANNHdsyy4=","","JUEGA & GANA DINERO","","1564","1939","2013-10-28","es"
"swtHpa49Zcmsb6pst5Hcn64ifwPSR5fZp0L8QIqOFf0=","swtHpa49Zcmsb6pst5Hcn64ifwPSR5fZp0L8QIqOFf0=","swtHpa49Zcmsb6pst5Hcn64ifwPSR5fZp0L8QIqOFf0=","","","","1","33","2017-08-30","zh-cn"
"Kmto+XqJ6hcowk0GvAGVEasNxHUW11beLphANrm3uhE=","Kmto+XqJ6hcowk0GvAGVEasNxHUW11beLphANrm3uhE=","Kmto+XqJ6hcowk0GvAGVEasNxHUW11beLphANrm3uhE=","","","","9","178","2017-10-17","zh-cn"
"XhH8bQfMIJTbRrkR24RcMYz2ozqBydJ+UGHaSrhQ=","XhH8bQfMIJTbRrkR24RcMYz2ozqBydJ+UGHaSrhQ=","XhH8bQfMIJTbRrkR24RcMYz2ozqBydJ+UGHaSrhQ=","LaGrange, OH","Kent state alumni","","48","9","2016-07-30","zh-cn"
"747308097648005124","mark joy","klementinafomi3","‰∏≠Âçé‰∫∫Ê∞ëÂÖ±ÂíåÂõΩ","Ëøô‰∏™‰∫∫ÂæàÊáí","","52136","59","2016-06-27","zh-cn"
"15672616","Êò•È£éÂçÅÈáå","DysonYvonne1993","Atlanta, GA","DysonYvonne1993","","24442","9956","2008-07-31","zh-cn"
"Q1monqLaU+OA37Qcdirfrbfx5iQnPjcFSQLmNzmEDng=","Q1monqLaU+OA37Qcdirfrbfx5iQnPjcFSQLmNzmEDng=","Q1monqLaU+OA37Qcdirfrbfx5iQnPjcFSQLmNzmEDng=","Moose Creek, AK","ŸÇÿ±Ÿàÿ® : #ÿßÿ≥ŸäÿßÿØ_ÿßŸÑÿ™ÿ±ŸÜÿØ‚Å© ÿå ŸÑÿ±ŸÅÿπ ÿßŸÑÿ™ÿßŸÇÿßÿ™, ÿ®ÿßÿØÿßÿ±ÿ© @1lMI1  , #ŸÖŸÜÿµŸàÿ±_ÿßŸÑŸÜÿµÿ±_ÿßÿ≥ÿØ_ÿßŸÑÿ™ÿ±ŸÜÿØ","","17","18","2017-08-30","zh-cn"
"913223690317316096","Â≠üÂ©ÜÂçñËêå‰∏çÂçñÊ±§","homerbros7780","","Â≠üÂ©Ü‰∏ç‰ªÖ‰ºöÁÖÆÊ±§ÔºåËøò‰ºöÂêÑÁßçÁæéÈ£üÂì¶ÔºÅ","","76718","163","2017-09-28","zh-cn"
"1100692047449735169","Ê¢¶Â±øÂçÉÂØª","syring00706","","","","0","0","2019-02-27","zh-cn"
"898515550376218624","Âä†ÁæøÈáåÂ≠ê","7dK3VhzuNIRJqCY","","","","0","49","2017-08-18","zh-cn"
"898510599424016384","gigi","a5m5r1zgjbMa6bS","","","","0","27","2017-08-18","ru"
"902781256970248192","Louis","tzBoTQ3bkNFmAVu","","","","0","26","2017-08-30","zh-cn"
"747100215983890432","‰∏ÄÂøµÊ∞∏ÊÅí","fedorovenei90","","","","15398","21","2016-06-26","zh-cn"
"MTHdJqXhMV4KO+krV3yInuQRn7bR22399oMFPilz5K4=","MTHdJqXhMV4KO+krV3yInuQRn7bR22399oMFPilz5K4=","MTHdJqXhMV4KO+krV3yInuQRn7bR22399oMFPilz5K4=","","","","2","55","2017-08-30","zh-cn"
"orxBeFUh4jKurIU76RHp9pJEsxiLHA1k6i4u0aCGUk=","orxBeFUh4jKurIU76RHp9pJEsxiLHA1k6i4u0aCGUk=","orxBeFUh4jKurIU76RHp9pJEsxiLHA1k6i4u0aCGUk=","","","","2","50","2017-08-30","zh-cn"
"898519239056818177","‰∫ëÊ∑°È£éËΩª","6M7Xx7Bokzjf4wV","","","","0","17","2017-08-18","zh-cn"
"4585780421","connor","connorlisss","California, USA","ÁæéÂ•ΩÁöÑ‰∏ÄÂ§©Ôºå‰ªé‰∏ÄÂè•Ê∏©È¶®ÁöÑËØùÂºÄÂßãÔºÅ","","29549","66","2015-12-24","zh-cn"
"898578775713165313","sawkd","ITO8EI21bqWzkVs","","","","0","21","2017-08-18","zh-cn"
"902818169936646144","Â®úÂ®ú","al3sk37VCTNv7o6","","","","0","46","2017-08-30","zh-cn"
"902781190289141765","Henry","nzjMr09oWAFj1N0","","","","0","44","2017-08-30","zh-cn"
"iLfD91kqdtqTTHWFYL2TEkKCPGjOIAi3wpCE3i0Vs=","iLfD91kqdtqTTHWFYL2TEkKCPGjOIAi3wpCE3i0Vs=","iLfD91kqdtqTTHWFYL2TEkKCPGjOIAi3wpCE3i0Vs=","","","","2","11","2017-09-23","zh-CN"
"30066098","Spilolo","lydspilolo","Iceland #Motivation","Feel gratitude towards yourself first. It will motivate you in the right direction.","","17694","2048","2009-04-09","zh-cn"
"747288937899556866","ÁåéÈπ∞","zvenislavasave2","","","","24058","38","2016-06-27","zh-cn"
"902780273884049413","Kris","41rRjTgZfuGMxNz","","","","0","44","2017-08-30","zh-cn"
"930561360349487104","lovebaby!!!!","elizabe97647185","Santa Monica, CA","üßê","","0","10","2017-11-14","zh-cn"
"747326172028035072","Kimis K","geliankapustin3","","","","23989","26","2016-06-27","zh-cn"
"920821087440482304","Ê∏ÖÈ£éÂæêÊù•","Trina31Owens","Ê∑±Âú≥","ÊàëÊòØ‰∏Ä‰ªãËçâÊ∞ëÔºå‰ΩÜÊàë‰πüÊúâÁöÑÂøóÂêëÔºåÂä™ÂäõÊ∞∏ËøúÊ≤°ÊúâÈîôÁöÑÔºÅ","","93490","47","2017-10-19","zh-cn"
"tar9dpTGI0gfU7koAH0iMkMvSn00kJOg2JjJZObDHqs=","tar9dpTGI0gfU7koAH0iMkMvSn00kJOg2JjJZObDHqs=","tar9dpTGI0gfU7koAH0iMkMvSn00kJOg2JjJZObDHqs=","Gilbert, AZ","","","7","18","2009-09-11","en"
"2498858204","glinapld0","glinapld0","Dallas, OR","Health is priceness","","27352","381","2014-05-16","en"
"756314835927830528","Â§ßÁ±≥","milanakudryavc1","","","","46017","22","2016-07-22","zh-cn"
"983557263251165185","‰∏ÄÁ±≥Èò≥ÂÖâ","Anderso_baby","","","","30080","13","2018-04-10","zh-cn"
"UFUzGwoy7fCNSDdnCej80zKaya1dTuSfIBODBsjbfUc=","UFUzGwoy7fCNSDdnCej80zKaya1dTuSfIBODBsjbfUc=","UFUzGwoy7fCNSDdnCej80zKaya1dTuSfIBODBsjbfUc=","","","","8","54","2017-08-30","zh-cn"
"zTe7dg9+T1p0zDFBdE4Dos7nDO2e8TNVxGlNDDMPUY=","zTe7dg9+T1p0zDFBdE4Dos7nDO2e8TNVxGlNDDMPUY=","zTe7dg9+T1p0zDFBdE4Dos7nDO2e8TNVxGlNDDMPUY=","","","","1","0","2017-11-04","zh-cn"
"W8p+9rcodeTsTUcwjGDN0fflucRtDy5fcQiTi1P+OGU=","W8p+9rcodeTsTUcwjGDN0fflucRtDy5fcQiTi1P+OGU=","W8p+9rcodeTsTUcwjGDN0fflucRtDy5fcQiTi1P+OGU=","","","","4","9","2017-09-21","zh-cn"
"fvuhCl4KdWzZHmhMF511ZwtGctZeeGVbemJ1f7ZaPec=","fvuhCl4KdWzZHmhMF511ZwtGctZeeGVbemJ1f7ZaPec=","fvuhCl4KdWzZHmhMF511ZwtGctZeeGVbemJ1f7ZaPec=","","","","44","250","2017-09-19","zh-cn"
"926280172281778177","jiangwei","jiangwei1211","","","","0","5","2017-11-03","zh-cn"
"379225330","üëÄ","whytravels","","","","15749","2346","2011-09-24","en"
"983557999125024769","ÁæéÁæéÂ∫≠","Rodrigu14132402","","","","76750","11","2018-04-10","zh-cn"
"898580477698768896","ÊùéÈ¨º","tagmWqzHUZZ34G7","","","","0","46","2017-08-18","zh-cn"
"Eooty1ohqdpgg6gmLqYp2CrXOBiUnzJXgaRiZEWWyk=","Eooty1ohqdpgg6gmLqYp2CrXOBiUnzJXgaRiZEWWyk=","Eooty1ohqdpgg6gmLqYp2CrXOBiUnzJXgaRiZEWWyk=","","","","7","58","2017-08-30","zh-cn"
"iyBXo29UK3I4fpjuOsZN7FUN0F0neuApKGW+R0kudh4=","iyBXo29UK3I4fpjuOsZN7FUN0F0neuApKGW+R0kudh4=","iyBXo29UK3I4fpjuOsZN7FUN0F0neuApKGW+R0kudh4=","Moscow","–ê–∫—Ç—ë—Ä  # 10 –ª–µ—Ç","","5","0","2015-11-17","en"
"898579733813895168","‰∏Ω‰∏Ω","yIJbQobyuIvni5E","","","","0","32","2017-08-18","zh-cn"
"921011661409886210","weixixi","fulai45fulai","","","","0","0","2017-10-19","zh-cn"
"vqpGIHMOYBceQVnT+WcoXyKdeJFs2EyQLnLV5n2PZE=","vqpGIHMOYBceQVnT+WcoXyKdeJFs2EyQLnLV5n2PZE=","vqpGIHMOYBceQVnT+WcoXyKdeJFs2EyQLnLV5n2PZE=","Berlin, Germany","","","307","111","2018-07-13","en"
"1124196389389524992","Dara Wild","DaraWild","","","","0","0","2019-05-03","en"
"325103066","Áà±Âæ∑Ê£Æ","ardansuweb","Bakersfield, CA","Ardansu World","","11423","195","2011-06-27","zh-cn"
"1963028330","dalotbaba","dalotbaba22","California, USA","dalotbaba","","17746","13","2013-10-15","zh-cn"
"898515901443657728","ÂïäÂëÄÂ∫∑‰πÉ","rNuh5VIuaOMIwj5","","","","0","24","2017-08-18","zh-cn"
"902782984079761408","Jeff","Skkj8hZfRl8IJ20","","","","0","19","2017-08-30","zh-cn"
"2205003817","angelita1opra","angelita1opra","Oak Park, IL","follow me and I'll follow back 100%","","31090","1989","2013-11-20","zh-cn"
"tE59KqZDhHjXg69dJdyyFZZiQPfnUeXrSTBNtnpQ8ak=","tE59KqZDhHjXg69dJdyyFZZiQPfnUeXrSTBNtnpQ8ak=","tE59KqZDhHjXg69dJdyyFZZiQPfnUeXrSTBNtnpQ8ak=","","","","18","25","2018-07-13","zh-cn"
"902780388539592704","Joseph","PC41NYsPXh17Aja","","","","0","12","2017-08-30","zh-cn"
"898516997390184448","Êñá‰øä","jCyz0AN1bLHaLM4","","","","0","32","2017-08-18","zh-cn"
"1071824625732997125","RandyBetancourt73156","betancourt73156","Los Angeles, CA","Thinker. Evil tvaholic. Alcohol aficionado. Extreme food specialist. Coffee ninja. Introvert.","","0","0","2018-12-09","en"
"898584560786702336","Á´ãÊñπ","cWYMxpu5TFuRV3k","","","","0","39","2017-08-18","zh-cn"
"1305947982","Karyn Whisenhunt","WhisenhuntbupKa","","","","0","0","2013-03-26","en"
"2YW4CnWp0Lk9nLYge6olJh7bW64m1eYu3IE4B3Ip60=","2YW4CnWp0Lk9nLYge6olJh7bW64m1eYu3IE4B3Ip60=","2YW4CnWp0Lk9nLYge6olJh7bW64m1eYu3IE4B3Ip60=","","","","1","36","2017-08-30","zh-cn"
"924650710855163904","huangshlan","huangshlan","","","","0","0","2017-10-29","zh-cn"
"nXJwGmcG71Ho3srqnXTSnyEokZXke8tkdISrrycI=","nXJwGmcG71Ho3srqnXTSnyEokZXke8tkdISrrycI=","nXJwGmcG71Ho3srqnXTSnyEokZXke8tkdISrrycI=","Madrid","Descubre lo que las aseguradoras no te revelan...","http://t.co/x5Ctw87c","149","354","2012-12-14","es"
"1072442746676293632","–©–µ—Ä–±–∞–∫–æ–≤–∞ –ú–µ–¥–≤–µ–¥–µ–≤–∞","oRPRLCXie4JvwPJ","Moscow, Russia","–ü—É–ª—è - —ç—Ç–æ –∫—Ä–∞–π–Ω—è—è –º–µ—Ä–∞","","0","0","2018-12-11","en"
"902781358757605379","Peter","qXiKTyu8qrXg9f7","","","","0","74","2017-08-30","zh-cn"
"923386511961219074","@wangxs615","wangxs6151","","","","0","2","2017-10-26","zh-cn"
"0jFZp2sQdCYj8hUveyN4Llxe2UvFbQgTqxaymZihMM0=","0jFZp2sQdCYj8hUveyN4Llxe2UvFbQgTqxaymZihMM0=","0jFZp2sQdCYj8hUveyN4Llxe2UvFbQgTqxaymZihMM0=","","","","1","4","2017-11-05","zh-cn"
"QVr+qYj7OTUbWgxNe8gbFgqkfnPKR6KZQFkt3pOmA=","QVr+qYj7OTUbWgxNe8gbFgqkfnPKR6KZQFkt3pOmA=","QVr+qYj7OTUbWgxNe8gbFgqkfnPKR6KZQFkt3pOmA=","","Gratis! , Americano te revela 100% en espa√±ol como hacer 
que tu negocio despegue de una vez por todas! Descubrelo Aqui  http://t.co/rO5EErfs7a","","109","11","2014-03-10","es"
"zUYLV5kPQGR2yHFKwlCuWrbQjMn6y8C0vUt1g+5CG9M=","zUYLV5kPQGR2yHFKwlCuWrbQjMn6y8C0vUt1g+5CG9M=","zUYLV5kPQGR2yHFKwlCuWrbQjMn6y8C0vUt1g+5CG9M=","","","","5","70","2017-09-19","zh-cn"
"2qbayrORywId+83MjVmEROG+KjmOyTuzpp6g0RkYb8=","2qbayrORywId+83MjVmEROG+KjmOyTuzpp6g0RkYb8=","2qbayrORywId+83MjVmEROG+KjmOyTuzpp6g0RkYb8=","","","","11","101","2017-10-17","zh-cn"
"902780404469555200","John","h6AnzpEej3mBy15","","","","0","5","2017-08-30","zh-cn"
"0BSMkZpPxpPyxjBqkBF8eguPvwUwrAotBOSVzR1SwwY=","0BSMkZpPxpPyxjBqkBF8eguPvwUwrAotBOSVzR1SwwY=","0BSMkZpPxpPyxjBqkBF8eguPvwUwrAotBOSVzR1SwwY=","","","","1","29","2017-08-30","zh-cn"
"MAVOfROkybIxhlXKiXCWC8202xu3lyHoJIRqNNYxCv8=","MAVOfROkybIxhlXKiXCWC8202xu3lyHoJIRqNNYxCv8=","MAVOfROkybIxhlXKiXCWC8202xu3lyHoJIRqNNYxCv8=","","","","3","6","2017-08-19","zh-cn"
"1312573764","Milner","Justajioscuah","","","","0","0","2013-03-29","en"
"zGKXuesfHo+nPb6rrSG61fpwFuGLKslqTK6weUoKWTI=","zGKXuesfHo+nPb6rrSG61fpwFuGLKslqTK6weUoKWTI=","zGKXuesfHo+nPb6rrSG61fpwFuGLKslqTK6weUoKWTI=","","","","17","5","2018-07-13","zh-cn"
"Aay5nRHb8QHlobLFqZjxym83hT4I+H8mCfEqHvIxQ=","Aay5nRHb8QHlobLFqZjxym83hT4I+H8mCfEqHvIxQ=","Aay5nRHb8QHlobLFqZjxym83hT4I+H8mCfEqHvIxQ=","","","","4","28","2017-09-23","zh-CN"
"902783097233690624","Francis","J9wpZlPBMT0oEAJ","","","","0","33","2017-08-30","zh-cn"
"GzSZeHoblpWDaclMRu0N9xpMXM1B9svAVklVxNYmis=","GzSZeHoblpWDaclMRu0N9xpMXM1B9svAVklVxNYmis=","GzSZeHoblpWDaclMRu0N9xpMXM1B9svAVklVxNYmis=","","","","6","38","2017-08-30","zh-cn"
"QlJ12FkjXVrU6zpFSEVnMw00o61E4fyTsoGEdZKxIkc=","QlJ12FkjXVrU6zpFSEVnMw00o61E4fyTsoGEdZKxIkc=","QlJ12FkjXVrU6zpFSEVnMw00o61E4fyTsoGEdZKxIkc=","","","","13","898","2017-10-18","zh-CN"
"903061563132616704","‰∏çÁîòÂπ≥Âá°ÁöÑÊàë","buganpinfan7788","","ÂøÉÂä®‰∏çÂ¶ÇË°åÂä®ÔºåÁî®ÊàëÁöÑÊé®ÊñáÊÑüÂä®‰Ω†Êàë‚ô•Ô∏èüåø‚öΩÔ∏èüë´üîõ","","39316","24772","2017-08-31","zh-cn"
"908589031944081408","Â¶ÇÊûú","bagaudinzhigj","","","","43358","102","2017-09-15","zh-cn"
"919811364972929026","moli578moli","moli578moli1","","","","0","0","2017-10-16","zh-cn"
"926229598655991808","ÈªÑÈáëÂè∂","carriejackson67","","","","0","0","2017-11-02","zh-cn"
"vWS007fQSNcCF+66Ty1xazu6I5321dEAJPej+bDnE70=","vWS007fQSNcCF+66Ty1xazu6I5321dEAJPej+bDnE70=","vWS007fQSNcCF+66Ty1xazu6I5321dEAJPej+bDnE70=","","","","4","17","2017-08-19","zh-cn"
"157258476","Dannie","dannieoyoy","Austin, TX","dannieoyoy","","13449","35","2010-06-19","zh-cn"
"zcDlNJWj159xjFHX81MpLH1dDx22XM+CiRXgapxr4RU=","zcDlNJWj159xjFHX81MpLH1dDx22XM+CiRXgapxr4RU=","zcDlNJWj159xjFHX81MpLH1dDx22XM+CiRXgapxr4RU=","","","","2","31","2017-08-30","zh-cn"
"1315021404","Harrison","Rashidafqsopaat","","","","0","0","2013-03-29","en"
"ICNhErLamTkisDYBCMwBAiTMOoEz6Xd0+VNDs8+HVc=","ICNhErLamTkisDYBCMwBAiTMOoEz6Xd0+VNDs8+HVc=","ICNhErLamTkisDYBCMwBAiTMOoEz6Xd0+VNDs8+HVc=","","","","4","48","2016-07-07","zh-cn"
"898516286958972928","‰ªÅ‰ºü","bpIkIM6Mh3WElUP","","","","0","51","2017-08-18","zh-cn"
"189451996","Galisuchse","galisuchse","Manhattan, NY","Beautiful Galisuchse World","","14130","11066","2010-09-11","en"
"754235532482220032","Dodephis","dodephisots","KA","Dodephis","","17434","47","2016-07-16","en"
"USWi80NXWaQ9MGM97wCtGmrnUc8HF0t0h7NAKxIifc=","USWi80NXWaQ9MGM97wCtGmrnUc8HF0t0h7NAKxIifc=","USWi80NXWaQ9MGM97wCtGmrnUc8HF0t0h7NAKxIifc=","","","","1","0","2018-03-26","ru"
"898579353008832514","shuithuy","3s3uwK6QB58inJw","","","","0","29","2017-08-18","zh-cn"
"945849398143074304","Â≠ô‰∏â‰∏â","LFVF7dJGqFkyZ8p","","","","0","17","2017-12-27","en"
"LQV+YJdIxi7pAp7BI7eISH4TYv5hv0d8U5k4DwD0wLs=","LQV+YJdIxi7pAp7BI7eISH4TYv5hv0d8U5k4DwD0wLs=","LQV+YJdIxi7pAp7BI7eISH4TYv5hv0d8U5k4DwD0wLs=","","","","1","25","2017-08-30","zh-cn"
"360353820","BoswinkSyri00","BoswinkSyri00","Georgia, USA","BoswinkSyri00","","22861","3190","2011-08-23","zh-cn"
"898512209294368768","Ëã•Âç≥ÁõÆÁú©","ZJ6ORi1xDe6N9qV","","","","0","27","2017-08-18","zh-cn"
"55548615","Movshelp","windrainnight","CA","True Wisdom Comes From God!","","13344","12751","2009-07-10","en"
"918846211552972800","wumintian","qwtyfgjk","","","","0","0","2017-10-13","zh-cn"
"898583635577761792","yiyi","9Ujr217x2dZcESI","","","","0","26","2017-08-18","zh-cn"
"924393875438997505","Âà©Áæ§Èò≥ÂÖâ","sviatoslavbara1","","","","0","0","2017-10-28","zh-cn"
"1071546669626478593","ÁôΩÊô∂Êô∂","Baxiaoijin","‰∏≠ÂõΩ","ÊàëÊòØÁôΩÊô∂Êô∂ÔºåÊàëÂñúÊ¨¢ÁæéÈ¢úËá™ÊãçÔºÅ","","0","0","2018-12-08","zh-cn"
"918007874537766912","Sharp21Gibbs","Sharp21Gibbs","","","","0","24","2017-10-11","zh-cn"
"918710134095757312","ailsa518","asdrrtt2","","","","0","0","2017-10-13","zh-cn"
"1050023635317022721","ÊâßÁùÄ","v4pY3dA0p77e4ny","","","","0","2","2018-10-10","zh-cn"
"la5CHFJSdydfGvIVN1J5xb4tH5OE0pa8NPwlYwfYSzw=","la5CHFJSdydfGvIVN1J5xb4tH5OE0pa8NPwlYwfYSzw=","la5CHFJSdydfGvIVN1J5xb4tH5OE0pa8NPwlYwfYSzw=","","","","1","38","2017-08-18","zh-cn"
"20dmzHkeBeqIbd52LzEI3DzfWfomWacz1ELFKy4ZeZI=","20dmzHkeBeqIbd52LzEI3DzfWfomWacz1ELFKy4ZeZI=","20dmzHkeBeqIbd52LzEI3DzfWfomWacz1ELFKy4ZeZI=","","","","1","35","2017-08-30","zh-cn"
"78622448","ÁæéÊªãÊªã","RebeccaBakerx","Miami, FL","RebeccaBakerx","","12608","5229","2009-09-30","zh-cn"
"437btUhN5qjL0MEoKWZn9lkbuZOSkn+SOv89CHd3xo=","437btUhN5qjL0MEoKWZn9lkbuZOSkn+SOv89CHd3xo=","437btUhN5qjL0MEoKWZn9lkbuZOSkn+SOv89CHd3xo=","","","","1","49","2017-10-11","zh-cn"
"902783997138264064","LaoSiJi","3O8i2fjGNZsh3o5","","","","0","44","2017-08-30","zh-cn"
"926722575673233408","aysehakan","aysehakanegeli","Bodrum","aysehakan","","13277","1984","2017-11-04","zh-cn"
"P+p6O2PJ1uYRYwqgFdj69D6HJFcNp+Dr25AGZdcjQq8=","P+p6O2PJ1uYRYwqgFdj69D6HJFcNp+Dr25AGZdcjQq8=","P+p6O2PJ1uYRYwqgFdj69D6HJFcNp+Dr25AGZdcjQq8=","","","","1","0","2016-08-21","es"
"V+mA2ATwpYNV18ZJku4J8eYTpP0+KvYRICBs9Hn2Nw=","V+mA2ATwpYNV18ZJku4J8eYTpP0+KvYRICBs9Hn2Nw=","V+mA2ATwpYNV18ZJku4J8eYTpP0+KvYRICBs9Hn2Nw=","United Arab Emirates","Positive mind setting is very addictive. I follow a mind setting of being positive at all times and at all times I become positive. See how easy is it. @__@","","165","534","2011-12-07","zh-cn"
"4150070595","npriceplz","npriceplz","United States","npriceplz","","16837","79","2015-11-09","zh-cn"
"898580467208912897","ÁéãÊôì","7U1hdb3u5AhKNZa","","","","0","25","2017-08-18","zh-cn"
"902784986792808448","DILL","3rXcqunAXMPRKTC","","","","0","46","2017-08-30","ru"
"Siej0yBSGIDkeNKp8deEr5UbkgMSywz5Z5CzghW9lA=","Siej0yBSGIDkeNKp8deEr5UbkgMSywz5Z5CzghW9lA=","Siej0yBSGIDkeNKp8deEr5UbkgMSywz5Z5CzghW9lA=","Delaware, USA","music","","1","30","2017-11-08","zh-tw"
"1015464752452128775","vradegg","ZWYp0TG8HSv3P46","","","","0","0","2018-07-07","zh-cn"
"Ive56xp0im+QjYIofI3nLCxEX+1mDWvEvlbrnLHAWIQ=","Ive56xp0im+QjYIofI3nLCxEX+1mDWvEvlbrnLHAWIQ=","Ive56xp0im+QjYIofI3nLCxEX+1mDWvEvlbrnLHAWIQ=","","","","3","131","2019-03-18","zh-CN"
"BIlX80mvGs8M3prZrTUjsAAHJFROkApqPtzpEN9Q=","BIlX80mvGs8M3prZrTUjsAAHJFROkApqPtzpEN9Q=","BIlX80mvGs8M3prZrTUjsAAHJFROkApqPtzpEN9Q=","","","","1","42","2017-08-18","zh-cn"
"898578035284357120","ÁêÉÂñÄÈ∫¶ÈöÜ","kjdwzpWSb42VZIo","","","","0","39","2017-08-18","ru"
"eyKYS5B6yb3vaKWkePRYwMXu2bTbEUSZ08j6Ub2Tsig=","eyKYS5B6yb3vaKWkePRYwMXu2bTbEUSZ08j6Ub2Tsig=","eyKYS5B6yb3vaKWkePRYwMXu2bTbEUSZ08j6Ub2Tsig=","","","","1","40","2017-08-30","zh-cn"
"923638243459059712","calmitiper","calmitiper","Los Angeles, CA","calmitiper","","12061","9","2017-10-26","zh-cn"
"p1c0du0pgo2fghgl9JeKcIz+SEd9OHjd+TofTJa4N6k=","p1c0du0pgo2fghgl9JeKcIz+SEd9OHjd+TofTJa4N6k=","p1c0du0pgo2fghgl9JeKcIz+SEd9OHjd+TofTJa4N6k=","","","","7","23","2017-09-21","zh-cn"
"M5IxGVR+mb3QrJJ8LN0GlnKMDSi69j0JvXDaN1M6mF4=","M5IxGVR+mb3QrJJ8LN0GlnKMDSi69j0JvXDaN1M6mF4=","M5IxGVR+mb3QrJJ8LN0GlnKMDSi69j0JvXDaN1M6mF4=","","","","1","41","2017-08-30","zh-cn"
"927921750825930752","Keelby Scholefield","KeelbyScholefi1","","","","0","0","2017-11-07","en"
"920843984053813248","Dpbek41Raheo","Dpbek41Raheo","","ÂÖ∂ÂÆûÔºåÂ≤ÅÊúàÂØπÊØè‰∏™‰∫∫ÈÉΩÊòØÂÖ¨Âπ≥ÁöÑ„ÄÇ‰∏çËÆ∫ÊòØËΩªÁãÇÁöÑÔºåËøòÊòØÊ∏©ÊüîÁöÑÔºåÂøÉÂ∫îÂΩì‰∏çÊÄ•‰∏çÁá•ÔºåÂâçË°åÁöÑÊ≠•‰ºêÊ∞∏‰∏çÂÅúÊ≠áÔºå‰∏çÂèó‰ªª‰Ωï‰∏ñ‰øóÁöÑÁâµÁªäÔºåÂøÉÁú∏Èó¥ÊµÅÊ∑åÁöÑÊòØÊòé‰∫Æ‰∏éÊ∏ÖÊæàÔºåÈÄÇÊó∂ÁöÑÁªôÂøÉÁïô‰∏Ä‰ªΩÁ©∫ÁôΩÔºåËÆ©ÂøÉËøπÊé•Ëøë‰∫∫ÁîüÁöÑÂÆè‰ºüËìùÂõæÔºåÊîæÈÄêÁúºÁïåËßÇ‰∏ñÁïåÔºåÂøÉÁÅµÊ∑±Â§ÑÂ¶Ç‰∏ÄÊ±†ÈùôÊ∞¥ÔºåÂæÆÊæúËΩªÊºæ„ÄÇ","","15757","80","2017-10-19","zh-cn"
"924437707681607680","ÁßëÊØî24","aleksan50558645","","","","0","0","2017-10-29","zh-cn"
"3286668632","louriep93c","louriep93c","Illinois, USA","louriep93c","","12979","7670","2015-07-21","zh-cn"
"924256012336533506","Ë°óÂ§¥Èú∏Áéã","ekateri55584212","","","","0","0","2017-10-28","zh-cn"
"1084444722","Basketball","nurlanyc5sr","Reston, VA","alienware","","130077","7698","2013-01-12","en"
"Gsyi7SZcLX1UyshqXXtc01BrnSYbABKlrR9x6EXJpk=","Gsyi7SZcLX1UyshqXXtc01BrnSYbABKlrR9x6EXJpk=","Gsyi7SZcLX1UyshqXXtc01BrnSYbABKlrR9x6EXJpk=","","","","1","39","2017-08-18","ru"
"756312090323877888","Ëâ≥Èò≥","IgnatovRunar","","","","42042","15","2016-07-22","zh-cn"
"ciPvN5kOEDMoyHmwaUamrfOtjrsiwKp7JfiTX3nkcHQ=","ciPvN5kOEDMoyHmwaUamrfOtjrsiwKp7JfiTX3nkcHQ=","ciPvN5kOEDMoyHmwaUamrfOtjrsiwKp7JfiTX3nkcHQ=","","","","1","44","2017-08-18","zh-cn"
"lzkgKdIBbE4N+M3c2urZboKAOyuyI9JYPZp+ywqehsM=","lzkgKdIBbE4N+M3c2urZboKAOyuyI9JYPZp+ywqehsM=","lzkgKdIBbE4N+M3c2urZboKAOyuyI9JYPZp+ywqehsM=","","","","3","52","2017-08-30","zh-cn"
"s0jpl7kjiz0RtcowNHCWTLWKay++hYUlQAS6zSWJKfI=","s0jpl7kjiz0RtcowNHCWTLWKay++hYUlQAS6zSWJKfI=","s0jpl7kjiz0RtcowNHCWTLWKay++hYUlQAS6zSWJKfI=","","","","1","33","2017-09-13","zh-cn"
"1225238233","Modesta Pickel","PickelrzrModest","","","","0","0","2013-02-27","en"
"533748701","24hcloud","24hcloud","Jakarta","Create Website Less Than 24 Hours","http://t.co/OaNAuZ5Vq1","18662","569","2012-03-23","en"
"921018295108616192","weixiao","weixiao80107054","","","","0","0","2017-10-19","zh-cn"
"14797528","‰πòÈ£éÁ†¥Êµ™","ilmirachehen","Los Angeles, TX","I can do it!","","17076","21739","2008-05-16","zh-tw"
"926054110486564870","–ê–Ω—é—Ç–∞ –ü–µ—Ç–∏–Ω–∞","3WRPkL9N8o3hs8R","","","","0","47","2017-11-02","ru"
"5e13KALDB1D2hPEOmOde9WVp5yqgJfWIESdqxQXc6m4=","5e13KALDB1D2hPEOmOde9WVp5yqgJfWIESdqxQXc6m4=","5e13KALDB1D2hPEOmOde9WVp5yqgJfWIESdqxQXc6m4=","","","","2","38","2017-08-19","zh-cn"
"8qvUMMXFDMVTJI99lo2730btCwzSe5Ywt5dlz6jCYhg=","8qvUMMXFDMVTJI99lo2730btCwzSe5Ywt5dlz6jCYhg=","8qvUMMXFDMVTJI99lo2730btCwzSe5Ywt5dlz6jCYhg=","Japan","","","311","97","2018-07-13","en"
"41058100","Ê≠£‰πâ‰πãÈî§","rebuddco","US","ÊâãÊè°Ê≠£‰πâ‰πãÈî§Á†∏‰∏ñÈó¥‰πã‰∏çÂÖ¨ÔºåÁÅ≠ÈÉ≠È™óÊñáË¥µ‰πãÊµÅ„ÄÇ","","13235","11857","2009-05-19","en"
"1015564751508656128","ÂâëÈûò","cccsaber","United Kingdom","100% follow back","https://t.co/ig3PK1JEEC","11625","10563","2018-07-07","zh-cn"
"898582324417318912","ÊùéÂ®ú","BPEZ6vYhXYdVbNL","","","","0","25","2017-08-18","zh-cn"
"902785416096514048","vida","Rablpt3mrP0dLtg","","","","0","41","2017-08-30","zh-cn"
"1314029484","Hosmer","Pamellarxtqrusz","","","","0","0","2013-03-29","en"
"yBASA80W0uLbb5O8p87m6sK+HauWaEO5DDHiSNWpM=","yBASA80W0uLbb5O8p87m6sK+HauWaEO5DDHiSNWpM=","yBASA80W0uLbb5O8p87m6sK+HauWaEO5DDHiSNWpM=","ÊúàÁêÉ","","","36","82","2017-08-19","zh-cn"
"T4iBtjiHQDoj7f6cdYiVsUawuaMqEV2GsqttlBaCkI=","T4iBtjiHQDoj7f6cdYiVsUawuaMqEV2GsqttlBaCkI=","T4iBtjiHQDoj7f6cdYiVsUawuaMqEV2GsqttlBaCkI=","","","","176","73","2018-03-29","ru"
"1059903755611709440","–í–æ–ª–∫–æ–≤–∞ –í–∞—Å–∏–ª—å–µ–≤–∞","rfhL2Wa45H7cJDv","Moscow, Russia","–ü–æ—Å—ã–ø–∞—Ç—å –ø–µ–ø–ª–æ–º –≥–ª–∞–≤—É","","0","0","2018-11-06","en"
"927107631910662146","Patten Iveson","PattenIveson","","","","0","0","2017-11-05","en"
"63TemuEwCA6FrYf4jWn0vlirV5lboeefEk6vDozabo8=","63TemuEwCA6FrYf4jWn0vlirV5lboeefEk6vDozabo8=","63TemuEwCA6FrYf4jWn0vlirV5lboeefEk6vDozabo8=","","","","1","56","2017-12-11","zh-cn"
"4069366948","archiepgna","archiepgna","Berwyn, IL","archiepgna","","16489","1267","2015-10-29","zh-cn"
"898583056042385408","Êµ©ÁÑ∂","7qhp85nxHpUvHq7","","","","0","29","2017-08-18","zh-cn"
"902786900074868736","DOtty","MJnePXasyd6Mnk0","","","","0","35","2017-08-30","zh-cn"
"r2M6ynK4lzPLpmOfyIMlo0pU17VyFf3uKsh3vWlZcA=","r2M6ynK4lzPLpmOfyIMlo0pU17VyFf3uKsh3vWlZcA=","r2M6ynK4lzPLpmOfyIMlo0pU17VyFf3uKsh3vWlZcA=","","","","8","123","2017-07-12","zh-cn"
"898515383849799681","ÁîòÁæéÊê†","q8kN0PaLhPQAxYH","","","","0","33","2017-08-18","zh-cn"
"UAOZGw5QrHcsXvUCqBkGXBy7WKB3KBHRiQ3XDqz6A=","UAOZGw5QrHcsXvUCqBkGXBy7WKB3KBHRiQ3XDqz6A=","UAOZGw5QrHcsXvUCqBkGXBy7WKB3KBHRiQ3XDqz6A=","","","","2","26","2013-03-29","zh-tw"
"bDsVH5sJUn2JA9zpkhmtMyR4plTLL3sy7IpWPIaeOg=","bDsVH5sJUn2JA9zpkhmtMyR4plTLL3sy7IpWPIaeOg=","bDsVH5sJUn2JA9zpkhmtMyR4plTLL3sy7IpWPIaeOg=","Hongkong","Financial worker","","6","53","2014-05-23","zh-cn"
"898578646868402176","È¶ôËçâÁæø","bSPV2PcL6EENf17","","","","0","42","2017-08-18","ru"
"8psZRW4YksSD8GV8mKdP96H5xzDo34ilPgMfoBca6yo=","8psZRW4YksSD8GV8mKdP96H5xzDo34ilPgMfoBca6yo=","8psZRW4YksSD8GV8mKdP96H5xzDo34ilPgMfoBca6yo=","","","","2","53","2017-08-30","zh-cn"
"OEyw70Jb0YHEfKqvzSeCnPWSzMzXuLXeHkZuCnsG1I=","OEyw70Jb0YHEfKqvzSeCnPWSzMzXuLXeHkZuCnsG1I=","OEyw70Jb0YHEfKqvzSeCnPWSzMzXuLXeHkZuCnsG1I=","","","","1","47","2017-08-30","zh-cn"
"902782947736129536","Martin","98M8rtGGpWsUhSk","","","","0","24","2017-08-30","zh-cn"
"893138215191891968","yoyo","ksiushalapina73","–ö–∞–ª–∏–Ω–∏–Ω–≥—Ä–∞–¥, –†–æ—Å—Å–∏—è","–ß—Ä–µ–∑–º–µ—Ä–Ω–∞—è –ø–æ—Å–ø–µ—à–Ω–æ—Å—Ç—å –≤ —Ä–∞—Å–ø–ª–∞—Ç–µ –∑–∞ –æ–∫–∞–∑–∞–Ω–Ω—É—é —É—Å–ª—É–≥—É –µ—Å—Ç—å —Å–≤–æ–µ–≥–æ —Ä–æ–¥–∞ –Ω–µ–±–ª–∞–≥–æ–¥–∞—Ä–Ω–æ—Å—Ç—å.","https://t.co/hIDma92s3a","21081","97","2017-08-03","zh-cn"
"902779271575429120","Bill","JqxGxKDJNKdylRy","","","","0","38","2017-08-30","zh-cn"
"828817384827875330","vdfxvgcvd8","vdfxvgcvd8","Nasushiobara-shi, Tochigi","","","11401","11807","2017-02-07","zh-cn"
"760761981854883840","Êµ™ÂÜ≤","honyBurchr","Los Angeles, CA","AnthonyBurchr","","14708","11720","2016-08-03","zh-cn"
"898582504860463105","‰∫åÊòéÂÑø","8ETjANDquIFFB0b","","","","0","17","2017-08-18","zh-cn"
"339311442","Âº†ÈõÖ","maksmkas6g","Chicago, IL","Áà±ÔºåÊòØÂπ≥Ê∑°ÁöÑÁîüÊ¥ª„ÄÇ","","22873","27203","2011-07-20","zh-cn"
"919098981141004288","ailaiyi2","bnmtyyjks","","","","0","0","2017-10-14","zh-cn"
"927408049802956801","Dillie Beckham","DillieBeckham","","","","0","0","2017-11-06","en"
"1312506366","Musick","Remedioselfbiif","","","","0","0","2013-03-29","en"
"kJ1ocK17QlHU9dJR7tu24I5fT7eva6+jH96O2Mp59s=","kJ1ocK17QlHU9dJR7tu24I5fT7eva6+jH96O2Mp59s=","kJ1ocK17QlHU9dJR7tu24I5fT7eva6+jH96O2Mp59s=","","","","2","7","2017-11-09","zh-cn"
"980576117890437131","–°–≤–µ—Ç–ª–∞–Ω–∞ –ï–≥–æ—Ä–æ–≤–∞","vbVmpjwZKzK3eyU","","","","0","0","2018-04-01","zh-cn"
"206027550","The Flecha","nessniven","Republic of Korea","When you see Jair Bolsonaro and his program of genocide  and ecocide, you should see him for what he truly is, modern fascism  that refuses to hide its true","","100847","31752","2010-10-22","en"
"2156741893","Êä´ËçÜÊñ©Ê£ò","saydullos1d","Cottonwood, CO","Sing a Song","","21024","8373","2013-10-26","zh-cn"
"4726278994","ÂãáÊï¢ÁöÑÂøÉ","TheresaAndersox","Long Beach, CA","TheresaAndersox","","30554","192","2016-01-06","zh-cn"
"Tfcp4QzBXHR5WUP36csx0zvuIh15tgmNM1L2TYf1lQ=","Tfcp4QzBXHR5WUP36csx0zvuIh15tgmNM1L2TYf1lQ=","Tfcp4QzBXHR5WUP36csx0zvuIh15tgmNM1L2TYf1lQ=","","","","3","46","2016-02-14","zh-cn"
"926494110017392640","Â≤≥Èò≥Ê•º","Tang8236Scott","","","","0","0","2017-11-03","zh-cn"
"SUatOgse5ladfupFWyrYh5XKvgha8sdmqSupNHLOA=","SUatOgse5ladfupFWyrYh5XKvgha8sdmqSupNHLOA=","SUatOgse5ladfupFWyrYh5XKvgha8sdmqSupNHLOA=","","","","4","10","2018-02-11","en-gb"
"502098760","Jens Wiezoreck","wiezoreck","","","","0","6","2012-02-24","zh-cn"
"8YpnHUKAZrxnwJogOsQzU3GjERiaC+NklDgcDEU0EoI=","8YpnHUKAZrxnwJogOsQzU3GjERiaC+NklDgcDEU0EoI=","8YpnHUKAZrxnwJogOsQzU3GjERiaC+NklDgcDEU0EoI=","","","","1","46","2017-08-18","ru"
"48048224","Ross Carson Skeate","RossSkeate","Aix-en-Provence, France","Ross Carson Skeate","","12659","659","2009-06-17","en-gb"
"917076261176037377","ÈªÑÈπ§Ê•º","aliiarodina5652","","","","0","0","2017-10-08","zh-cn"
"747328992244432897","_peisiya","muravevaaida1","","just for ifnt&mx","","24205","134","2016-06-27","zh-cn"
"902797910496219137","Ethan","B14p0i2qpwu4NRR","","","","0","22","2017-08-30","zh-cn"
"eBg3G8luVdMNyjEkYNC3ZFZ1eZO5KYbSrv5bWaEiRTw=","eBg3G8luVdMNyjEkYNC3ZFZ1eZO5KYbSrv5bWaEiRTw=","eBg3G8luVdMNyjEkYNC3ZFZ1eZO5KYbSrv5bWaEiRTw=","","","","1","14","2011-08-22","zh-cn"
"902799025241456641","Christopher","CvxSREnqGPniBJg","","","","0","54","2017-08-30","zh-cn"
"1071793411001384960","MiaLove9740","MLove9740","West Chicago, IL","Twitter evangelist. Amateur music practitioner. Web buff. Extreme beer fanatic. Alcohol scholar.","","0","0","2018-12-09","en"
"4175185286","Ê≤ôÊº†ËãçÈπ∞","serkalibodj","Los Angeles, CA","GL","","16366","936","2015-11-09","en"
"1107793288751443968","Hermelinda Copland","HermelindaCopl1","","","","0","0","2019-03-18","en"
"1124368193362059266","Arla Lester","lester_arla","","","","0","0","2019-05-03","en"
"902798434167644160","Daniel","10s7oUfvX43RhHH","","","","0","43","2017-08-30","zh-cn"
"898581281801457664","Â∞èÂ∞è","cQbL8b6kuKcBHnq","","","","0","25","2017-08-18","zh-cn"
"917200080008040448","Âà©Áæ§","vladimirgaliev7","","","","0","0","2017-10-09","zh-cn"
"928617479617724416","wanxiao","ddsgar2","","","","0","2","2017-11-09","zh-cn"
"1125155879156879362","Melissa","Melissa64269411","","","","0","0","2019-05-05","en"
"mpYChT3nQ2UzMOiwY6TP1ptIURgiqHIhhTQFEnH2uug=","mpYChT3nQ2UzMOiwY6TP1ptIURgiqHIhhTQFEnH2uug=","mpYChT3nQ2UzMOiwY6TP1ptIURgiqHIhhTQFEnH2uug=","","","","1","13","2017-08-18","zh-cn"
"TTkUMfv9hO2lbnvpNhomN3TuIlvBdU1d0IxOGNBykmQ=","TTkUMfv9hO2lbnvpNhomN3TuIlvBdU1d0IxOGNBykmQ=","TTkUMfv9hO2lbnvpNhomN3TuIlvBdU1d0IxOGNBykmQ=","","","","1","42","2017-08-18","ru"
"lz4pbrQJqYgilfXK4fG+6So7R0JhtgbmK1hMro+emA=","lz4pbrQJqYgilfXK4fG+6So7R0JhtgbmK1hMro+emA=","lz4pbrQJqYgilfXK4fG+6So7R0JhtgbmK1hMro+emA=","","","","6","58","2017-08-30","zh-cn"
"4pfgkNwEiZfzJpXxGtiKeGdMzBoUnttFPzEb2SPN6wI=","4pfgkNwEiZfzJpXxGtiKeGdMzBoUnttFPzEb2SPN6wI=","4pfgkNwEiZfzJpXxGtiKeGdMzBoUnttFPzEb2SPN6wI=","","","","2","10","2017-08-30","zh-cn"
"KfAis8KQmkY532ONOhSWiw9M4f7ik5zzmR8PoiyaWTI=","KfAis8KQmkY532ONOhSWiw9M4f7ik5zzmR8PoiyaWTI=","KfAis8KQmkY532ONOhSWiw9M4f7ik5zzmR8PoiyaWTI=","","","","1","46","2017-08-30","zh-cn"
"1083240081937158144","Áõ∏‰ø°Ëá™Â∑±","BBvzga","Jaipur, India","model","https://t.co/f5UPJtxGxS","12365","11873","2019-01-10","zh-cn"
"9Kfju9dFFOUtkF6Zzfc3D4chUYGlQcuVEUIfzotBjI=","9Kfju9dFFOUtkF6Zzfc3D4chUYGlQcuVEUIfzotBjI=","9Kfju9dFFOUtkF6Zzfc3D4chUYGlQcuVEUIfzotBjI=","","","","1","39","2017-08-18","ru"
"tP6O+gs84aSWO15vZUYijTk8agAyfDlCDOaOjLJIC9Y=","tP6O+gs84aSWO15vZUYijTk8agAyfDlCDOaOjLJIC9Y=","tP6O+gs84aSWO15vZUYijTk8agAyfDlCDOaOjLJIC9Y=","","","","2","8","2017-10-12","zh-cn"
"911585808175566848","rock","saniadorofeev11","","","","0","3","2017-09-23","zh-cn"
"891011817388027907","ËãèÂ®ú","w0MDPQVeBEq2WTA","","","","0","24","2017-07-28","zh-cn"
"kiJKK0oUGhzFYiUgBvbi7g8gKTGN9v66Zp8tC7rN9fg=","kiJKK0oUGhzFYiUgBvbi7g8gKTGN9v66Zp8tC7rN9fg=","kiJKK0oUGhzFYiUgBvbi7g8gKTGN9v66Zp8tC7rN9fg=","","","","3","0","2017-11-04","zh-cn"
"UpqfnNbF7+caDlBN8CBc2k7DOMhNABzTPuAzNrGlLo=","UpqfnNbF7+caDlBN8CBc2k7DOMhNABzTPuAzNrGlLo=","UpqfnNbF7+caDlBN8CBc2k7DOMhNABzTPuAzNrGlLo=","","","","15","55","2017-10-16","zh-cn"
"97330559","ÊûóÂÆá","jacquescza","CA","Jacques","","14843","11935","2009-12-17","en"
"898582559449284608","Ê¥ãÊ¥ã","0ep0ZHA0Zi5g3Vo","","","","0","25","2017-08-18","zh-cn"
"QQo32FDY4AIdiMOBwMtGmRTIrIvtgZQ8XZt0pH1sgU=","QQo32FDY4AIdiMOBwMtGmRTIrIvtgZQ8XZt0pH1sgU=","QQo32FDY4AIdiMOBwMtGmRTIrIvtgZQ8XZt0pH1sgU=","","","","1","43","2017-08-30","zh-cn"
"w9pbfQRUXBcO810z7Q9I5TbWnGdbZaBB3Gvh6KxT6Y=","w9pbfQRUXBcO810z7Q9I5TbWnGdbZaBB3Gvh6KxT6Y=","w9pbfQRUXBcO810z7Q9I5TbWnGdbZaBB3Gvh6KxT6Y=","","","","17","26","2018-07-13","zh-cn"
"158077925","ÈõÖÂÑø","Eobvmae36","CA","Dietexvibo","","13553","174","2010-06-21","zh-cn"
"3167764260","orindasau9","orindasau9","Oak Park, IL","orindasau9","","13402","3410","2015-04-22","zh-cn"
"fYG5dn5uZw6SJ35z+hmvvX1KzbR1eSX2he3iif8IZJQ=","fYG5dn5uZw6SJ35z+hmvvX1KzbR1eSX2he3iif8IZJQ=","fYG5dn5uZw6SJ35z+hmvvX1KzbR1eSX2he3iif8IZJQ=","","","","5","88","2017-08-30","zh-cn"
"CO8OwDGGOfUNXAEm38NC02nRSUwnvfZ0Hop3tPDHjeM=","CO8OwDGGOfUNXAEm38NC02nRSUwnvfZ0Hop3tPDHjeM=","CO8OwDGGOfUNXAEm38NC02nRSUwnvfZ0Hop3tPDHjeM=","","","","127","9","2017-08-27","zh-cn"
"ngpxngdmHcBuRuH7AAhwc4amt5kHiSt7tfdIE57Q68=","ngpxngdmHcBuRuH7AAhwc4amt5kHiSt7tfdIE57Q68=","ngpxngdmHcBuRuH7AAhwc4amt5kHiSt7tfdIE57Q68=","los","„ÄäÈõÅÈÇ±ËØç„Äã ÂÖÉÂ•ΩÈóÆ
ÈóÆ‰∏ñÈó¥ÊÉÖÊòØ‰ΩïÁâ©ÔºåÁõ¥ÊïôÁîüÊ≠ªÁõ∏ËÆ∏„ÄÇ
Â§©ÂçóÂú∞ÂåóÂèåÈ£ûÂÆ¢ÔºåËÄÅÁøÖÂá†ÂõûÂØíÊöë„ÄÇ
Ê¨¢‰πêË∂£ÔºåÁ¶ªÂà´Ëã¶ÔºåÂ∞±‰∏≠Êõ¥ÊúâÁó¥ÂÑøÂ•≥„ÄÇ
ÂêõÂ∫îÊúâËØ≠ÔºåÊ∏∫‰∏áÈáåÂ±Ç‰∫ëÔºåÂçÉÂ±±ÊöÆÈõ™ÔºåÂè™ÂΩ±ÂêëË∞ÅÂéª„ÄÇ
Ê®™Ê±æË∑ØÔºåÂØÇÂØûÂΩìÂπ¥ÁÆ´ÈºìÔºåËçíÁÉü‰æùÊóßÂπ≥Ê•ö„ÄÇ
ÊãõÈ≠ÇÊ•ö‰∫õ‰ΩïÂóüÂèäÔºåÂ±±È¨ºÊöóÂïºÈ£éÈõ®„ÄÇ
Â§©‰πüÂ¶íÔºåÊú™‰ø°‰∏éÔºåËé∫ÂÑøÁáïÂ≠ê‰ø±ÈªÑÂúü„ÄÇ
ÂçÉÁßã‰∏áÂè§Ôºå‰∏∫ÁïôÂæÖÈ™ö‰∫∫ÔºåÁãÇÊ≠åÁóõÈ•ÆÔºåÊù•ËÆøÈõÅÈÇ±Â§Ñ„ÄÇ","","1","62","2017-10-10","zh-cn"
"owVjSnZidM7XhiuiVeeeIZJdzs9hikiZ3+1rdi8x+yA=","owVjSnZidM7XhiuiVeeeIZJdzs9hikiZ3+1rdi8x+yA=","owVjSnZidM7XhiuiVeeeIZJdzs9hikiZ3+1rdi8x+yA=","","","","2","12","2019-04-29","zh-cn"
"73880730","Leverviger","leverviger","MA","Happy Every Day Leverviger","","13138","12128","2009-09-13","en"
"Aom14zlkO2zwreBGwYOl1fuBlFD7hg6h4QbOIhyPZuQ=","Aom14zlkO2zwreBGwYOl1fuBlFD7hg6h4QbOIhyPZuQ=","Aom14zlkO2zwreBGwYOl1fuBlFD7hg6h4QbOIhyPZuQ=","","","","272","118","2013-03-02","zh-CN"
"XfwL1zGPJmMyHTh6u217yEAQdUm+xf+l2oWBCN+6qQ=","XfwL1zGPJmMyHTh6u217yEAQdUm+xf+l2oWBCN+6qQ=","XfwL1zGPJmMyHTh6u217yEAQdUm+xf+l2oWBCN+6qQ=","","","","23","45","2017-09-18","zh-cn"
"127125026","valentina","valentinax5w1sw","Cicero, IL","valentinax5w1sw","","11232","760","2010-03-28","zh-cn"
"455662560","‰æùËêç","ephmictived","KA","ephmictived","","12648","8850","2012-01-05","zh-cn"
"734432353154682881","jimrainesid","jimrainesid","Atlanta, GA","jimrainesid","","12757","3","2016-05-22","en"
"WihA3B1v8nsCUjOZy1RRRwbSbl9r+evQiuFKsQxpn6g=","WihA3B1v8nsCUjOZy1RRRwbSbl9r+evQiuFKsQxpn6g=","WihA3B1v8nsCUjOZy1RRRwbSbl9r+evQiuFKsQxpn6g=","","","","1","24","2017-08-30","zh-cn"
"ovmVhOG2yR6M4t8K5K2nNOOehTynAc9ajYqSeGn7Lh0=","ovmVhOG2yR6M4t8K5K2nNOOehTynAc9ajYqSeGn7Lh0=","ovmVhOG2yR6M4t8K5K2nNOOehTynAc9ajYqSeGn7Lh0=","","","","1","0","2017-11-04","zh-cn"
"1124395343255408640","Albertha Leslie","AlberthaLeslie","","","","0","0","2019-05-03","en"
"19963172","spiritua","yourspiritualm","KA","spiritual miracle","","14558","12129","2009-02-03","en"
"747309665994706945","–ñ–∞–Ω–Ω–∞ –®–∞—à–∫–æ–≤–∞","ponomarevaippo2","","","","57652","66","2016-06-27","zh-cn"
"qypTD1aVMb1GHhnmDqb8PM+oHTG5KNJRrbXNLAePNvw=","qypTD1aVMb1GHhnmDqb8PM+oHTG5KNJRrbXNLAePNvw=","qypTD1aVMb1GHhnmDqb8PM+oHTG5KNJRrbXNLAePNvw=","","","","2","40","2017-08-30","zh-cn"
"O+mTB8827pgcHrV4vUBogEcV2c37vH3eD4q3QbXIhgc=","O+mTB8827pgcHrV4vUBogEcV2c37vH3eD4q3QbXIhgc=","O+mTB8827pgcHrV4vUBogEcV2c37vH3eD4q3QbXIhgc=","","","","1","36","2017-08-18","zh-cn"
"6WYB04yH4XXt5Ge6k1naSNnZDJKrU06WyzzDrdfmtAg=","6WYB04yH4XXt5Ge6k1naSNnZDJKrU06WyzzDrdfmtAg=","6WYB04yH4XXt5Ge6k1naSNnZDJKrU06WyzzDrdfmtAg=","","","","6","105","2017-08-30","zh-cn"
"325321363","ÂåóÂ±±ÊúâË¥§Â¶ª","shjabzgallup","United States","shjabzgallup","","18374","147","2011-06-28","en"
"o1t7jFHAu3iQZNoui+qjRb3GDGjI3vIBJXPaIMBF9YU=","o1t7jFHAu3iQZNoui+qjRb3GDGjI3vIBJXPaIMBF9YU=","o1t7jFHAu3iQZNoui+qjRb3GDGjI3vIBJXPaIMBF9YU=","","","","1","35","2017-08-30","zh-cn"
"137233686","Antong79o","antong79o","Portland, TX","","","50481","1561","2010-04-26","zh-cn"
"983556642796113920","Ê∞¥‰∏≠Ëä±","Rodrigu_beauty","","","","69841","22","2018-04-10","zh-cn"
"eIIpT22c85XhPdvYaqcve4gOzlYQ7zgEKd4eXtO0=","eIIpT22c85XhPdvYaqcve4gOzlYQ7zgEKd4eXtO0=","eIIpT22c85XhPdvYaqcve4gOzlYQ7zgEKd4eXtO0=","","","","2","36","2017-08-19","zh-cn"
"EUd69lDLkGP47adDGEABXUNoNCMl3MUunT3RW6lRiJc=","EUd69lDLkGP47adDGEABXUNoNCMl3MUunT3RW6lRiJc=","EUd69lDLkGP47adDGEABXUNoNCMl3MUunT3RW6lRiJc=","","","","75","229","2016-01-18","zh-cn"
"3289017240","tiberiyztrple","tiberiyztrple","Cicero, IL","Tripper","","18781","1","2015-07-23","zh-cn"
"930597980083650561","ÊûóÂ∞èËä¨","RosRos2349","","","","0","0","2017-11-15","zh-cn"
"2993185258","HKÊôÇÊîøÁõ¥Êìä","HKpoliticalnew","Tsuen Wan District, Hong Kong","Love Hong Kong, love China.We should pay attention to current policies and people's livelihood. ÊÑõÊ∏Ø„ÄÅÊÑõÂúãÔºåÈóúÊ≥®ÊôÇÊîø„ÄÅÊ∞ëÁîü„ÄÇ","https://t.co/5u2Qw5PaKt","22551","66","2015-01-22","zh-cn"
